iter,evals,f_best,f_mean,f_std,gbest_f
1,40,3.244106483436e+01,1.478715553833e+02,6.607273936371e+01,3.244106483436e+01
2,80,2.505440486549e+01,7.196124696245e+01,3.441760301061e+01,2.505440486549e+01
3,120,3.355052910903e+00,4.364104706081e+01,2.371612100764e+01,3.355052910903e+00
4,160,4.836653923793e+00,2.324913088464e+01,1.556583168081e+01,3.355052910903e+00
5,200,3.265643975323e+00,2.178198428824e+01,1.263521533531e+01,3.265643975323e+00
6,240,3.046711750555e+00,1.670411668781e+01,1.121347256268e+01,3.046711750555e+00
7,280,3.415884710332e+00,1.604439570418e+01,8.746518857343e+00,3.046711750555e+00
8,320,1.732617413277e+00,1.229516571229e+01,7.266683856342e+00,1.732617413277e+00
9,360,2.233024987305e+00,1.107301994928e+01,8.279878956791e+00,1.732617413277e+00
10,400,2.153142498854e+00,9.042913423093e+00,6.270085894556e+00,1.732617413277e+00
11,440,1.138675813348e+00,7.495555701408e+00,4.838834092909e+00,1.138675813348e+00
12,480,9.690379997046e-01,6.354325726039e+00,5.407421821015e+00,9.690379997046e-01
13,520,1.268463168175e+00,6.232339930684e+00,4.841858609928e+00,9.690379997046e-01
14,560,1.609582439413e+00,5.354569925469e+00,5.512786513952e+00,9.690379997046e-01
15,600,9.857038080927e-01,5.028962353902e+00,4.576246824168e+00,9.690379997046e-01
16,640,1.147158552589e+00,4.675013253400e+00,4.256281988130e+00,9.690379997046e-01
17,680,1.142254941901e+00,4.610122295017e+00,3.077104284226e+00,9.690379997046e-01
18,720,1.033528130633e+00,3.912384450552e+00,3.983358558728e+00,9.690379997046e-01
19,760,1.449919424780e+00,4.272658957022e+00,3.739523692439e+00,9.690379997046e-01
20,800,1.193325754999e+00,2.750746671640e+00,1.603879221157e+00,9.690379997046e-01
21,840,9.010381137066e-01,3.549946452022e+00,2.474586810185e+00,9.010381137066e-01
22,880,1.057627007057e+00,2.781240565345e+00,2.147213927200e+00,9.010381137066e-01
23,920,8.458451124786e-01,3.878036705428e+00,3.869743492339e+00,8.458451124786e-01
24,960,9.274465463460e-01,2.491521839316e+00,2.832975688822e+00,8.458451124786e-01
25,1000,7.980666251283e-01,3.402912953318e+00,2.707396220138e+00,7.980666251283e-01
26,1040,2.226389151690e-01,2.827671187188e+00,3.261765492568e+00,2.226389151690e-01
27,1080,9.072656225340e-01,3.072539122457e+00,3.324718822816e+00,2.226389151690e-01
28,1120,9.888016536665e-01,2.769720867920e+00,2.848735521201e+00,2.226389151690e-01
29,1160,4.855897652386e-01,3.303858053229e+00,4.021445516925e+00,2.226389151690e-01
30,1200,8.531299668405e-01,2.743033698506e+00,3.018843462784e+00,2.226389151690e-01
31,1240,6.730500317562e-01,2.520463953308e+00,3.913493295227e+00,2.226389151690e-01
32,1280,4.318622576681e-01,2.319589476505e+00,1.908156191140e+00,2.226389151690e-01
33,1320,4.286408955669e-01,2.485226027847e+00,2.691861455578e+00,2.226389151690e-01
34,1360,8.579204261365e-01,1.840312374895e+00,1.132199366852e+00,2.226389151690e-01
35,1400,8.713147984527e-01,1.821329257041e+00,1.772647293410e+00,2.226389151690e-01
36,1440,5.737292385257e-01,1.850796033033e+00,1.421041239708e+00,2.226389151690e-01
37,1480,5.563007750711e-01,1.734223186336e+00,1.305466877902e+00,2.226389151690e-01
38,1520,9.185704683080e-01,1.627193000350e+00,6.997065381548e-01,2.226389151690e-01
39,1560,9.177035991570e-01,1.528244916934e+00,6.987128785740e-01,2.226389151690e-01
40,1600,6.486935717106e-01,1.594642871786e+00,8.639817517886e-01,2.226389151690e-01
41,1640,6.721129395871e-01,1.457295224353e+00,4.723596052012e-01,2.226389151690e-01
42,1680,9.284066661522e-01,1.494489998634e+00,6.043604194561e-01,2.226389151690e-01
43,1720,5.614365991141e-01,1.487511203766e+00,6.236216970282e-01,2.226389151690e-01
44,1760,5.934524348994e-01,1.434044273871e+00,7.730711082999e-01,2.226389151690e-01
45,1800,6.792474382614e-01,1.368178131556e+00,3.849487291184e-01,2.226389151690e-01
46,1840,7.564626058630e-01,1.362032038985e+00,5.089054873914e-01,2.226389151690e-01
47,1880,4.002747239166e-01,1.370757137134e+00,6.296857777050e-01,2.226389151690e-01
48,1920,4.391548607259e-01,1.250743382124e+00,4.073705900094e-01,2.226389151690e-01
49,1960,5.643419175183e-01,1.239544444945e+00,3.087641806861e-01,2.226389151690e-01
50,2000,3.898629150269e-01,1.233356816316e+00,4.335112532700e-01,2.226389151690e-01
51,2040,4.978753190917e-01,1.302094678596e+00,4.967010587094e-01,2.226389151690e-01
52,2080,3.160719763444e-01,1.134964971432e+00,2.845614501117e-01,2.226389151690e-01
53,2120,2.561101117331e-01,1.250933194431e+00,5.022347436116e-01,2.226389151690e-01
54,2160,6.228227461375e-01,1.282688217136e+00,4.341689053773e-01,2.226389151690e-01
55,2200,3.720697065509e-01,1.304408533378e+00,8.072202777819e-01,2.226389151690e-01
56,2240,1.936289695469e-01,1.202241477957e+00,5.950986832560e-01,1.936289695469e-01
57,2280,4.265809828447e-01,1.239805249344e+00,4.325488370906e-01,1.936289695469e-01
58,2320,4.483108451581e-01,1.272536217192e+00,4.788812864381e-01,1.936289695469e-01
59,2360,2.605265028032e-01,1.283080081930e+00,4.339015297425e-01,1.936289695469e-01
60,2400,2.697867441449e-01,1.254042647677e+00,4.325476548992e-01,1.936289695469e-01
61,2440,2.792112505483e-01,1.102101338931e+00,4.264849558072e-01,1.936289695469e-01
62,2480,2.132233392245e-01,1.107968793369e+00,4.022101659898e-01,1.936289695469e-01
63,2520,1.753253308574e-01,1.145237264199e+00,4.292415343365e-01,1.753253308574e-01
64,2560,3.259762953252e-01,1.307557523690e+00,4.481753398910e-01,1.753253308574e-01
65,2600,1.360501740782e-01,1.150610357308e+00,3.786171738118e-01,1.360501740782e-01
66,2640,2.881062290485e-01,1.167582205255e+00,4.101629312386e-01,1.360501740782e-01
67,2680,3.659493056819e-01,1.175189562752e+00,3.581793757507e-01,1.360501740782e-01
68,2720,3.867207885272e-01,1.228222755076e+00,3.585478361915e-01,1.360501740782e-01
69,2760,2.363592123282e-01,1.187254650093e+00,4.117161871664e-01,1.360501740782e-01
70,2800,2.063190355478e-01,1.130883964659e+00,4.974984588250e-01,1.360501740782e-01
71,2840,1.558385226272e-01,1.187432522624e+00,4.986321861311e-01,1.360501740782e-01
72,2880,1.605392008883e-01,1.207508309661e+00,4.342579995725e-01,1.360501740782e-01
73,2920,1.545010837037e-01,1.379470760221e+00,8.055937084321e-01,1.360501740782e-01
74,2960,1.997912110949e-01,1.220185299249e+00,4.919476365375e-01,1.360501740782e-01
75,3000,1.870525070237e-01,1.345711471568e+00,1.069408244971e+00,1.360501740782e-01
76,3040,1.143035349723e-01,1.391643993658e+00,1.087343362731e+00,1.143035349723e-01
77,3080,1.551778589940e-01,1.304825744344e+00,5.701559249739e-01,1.143035349723e-01
78,3120,1.852072095780e-01,1.381979636239e+00,1.843739626163e+00,1.143035349723e-01
79,3160,3.405137205072e-01,1.145056459860e+00,3.646219958355e-01,1.143035349723e-01
80,3200,1.033384656349e-01,1.383008545495e+00,1.174712142126e+00,1.033384656349e-01
81,3240,2.679064737886e-01,1.205455808359e+00,4.814000878690e-01,1.033384656349e-01
82,3280,1.309450452341e-01,1.303057116227e+00,9.105031135107e-01,1.033384656349e-01
83,3320,1.345011649437e-01,1.222163476352e+00,6.938732165104e-01,1.033384656349e-01
84,3360,1.099645044884e-01,1.131922662952e+00,6.199663652007e-01,1.033384656349e-01
85,3400,1.220938549677e-01,1.163070781357e+00,5.851536552146e-01,1.033384656349e-01
86,3440,1.581284348998e-01,1.002438910369e+00,5.048977784141e-01,1.033384656349e-01
87,3480,1.027986622370e-01,1.044089874339e+00,5.111950546648e-01,1.027986622370e-01
88,3520,1.084690227120e-01,1.023009219995e+00,5.034750366852e-01,1.027986622370e-01
89,3560,1.027567640806e-01,1.111988600876e+00,5.242571456234e-01,1.027567640806e-01
90,3600,1.173552832546e-01,9.370200205720e-01,4.456589806287e-01,1.027567640806e-01
91,3640,1.064033124628e-01,1.039932853904e+00,5.512380195800e-01,1.027567640806e-01
92,3680,1.190053651000e-01,1.099177868227e+00,7.599219016074e-01,1.027567640806e-01
93,3720,1.017550013436e-01,1.007950352722e+00,7.682102055314e-01,1.017550013436e-01
94,3760,1.008111764439e-01,1.002124035321e+00,6.559571427918e-01,1.008111764439e-01
95,3800,9.657985354552e-02,9.413992592888e-01,5.050728956068e-01,9.657985354552e-02
96,3840,1.132143378874e-01,9.008570638151e-01,5.694354424585e-01,9.657985354552e-02
97,3880,9.853742328289e-02,9.853297819966e-01,5.319543187618e-01,9.657985354552e-02
98,3920,1.041671447204e-01,1.042934673418e+00,6.980388000640e-01,9.657985354552e-02
99,3960,9.248278544311e-02,8.715961993482e-01,5.769699114407e-01,9.248278544311e-02
100,4000,1.005775221774e-01,1.057244327497e+00,7.303216336783e-01,9.248278544311e-02
101,4040,9.351943720666e-02,1.025951560220e+00,6.462832935658e-01,9.248278544311e-02
102,4080,9.585451733594e-02,1.104088185617e+00,6.306486594227e-01,9.248278544311e-02
103,4120,1.038317032833e-01,1.027249516266e+00,5.814016400173e-01,9.248278544311e-02
104,4160,9.318030650503e-02,9.772358083894e-01,5.317887742497e-01,9.248278544311e-02
105,4200,9.167187362287e-02,1.035301491209e+00,5.430178645362e-01,9.167187362287e-02
106,4240,9.783736626132e-02,9.054462121986e-01,5.670271143330e-01,9.167187362287e-02
107,4280,9.244229219516e-02,1.026236504859e+00,5.760776216723e-01,9.167187362287e-02
108,4320,9.246234383401e-02,9.487032534334e-01,5.957321715833e-01,9.167187362287e-02
109,4360,9.041359471378e-02,9.756287843429e-01,6.337308455321e-01,9.041359471378e-02
110,4400,8.984931498315e-02,9.931855524294e-01,5.854299413815e-01,8.984931498315e-02
111,4440,9.108094166950e-02,1.037772086463e+00,6.914237102178e-01,8.984931498315e-02
112,4480,9.051531194093e-02,8.295271302880e-01,5.218008682024e-01,8.984931498315e-02
113,4520,9.006926135499e-02,9.124877116928e-01,5.957705672664e-01,8.984931498315e-02
114,4560,8.987333113703e-02,9.894839090379e-01,5.768535426765e-01,8.984931498315e-02
115,4600,9.214166697252e-02,9.129247581587e-01,6.068101476401e-01,8.984931498315e-02
116,4640,8.985586895224e-02,9.258143960705e-01,5.803869263619e-01,8.984931498315e-02
117,4680,8.952798246271e-02,8.806855927923e-01,6.055258245404e-01,8.952798246271e-02
118,4720,8.988988616680e-02,8.168723538733e-01,5.191662430111e-01,8.952798246271e-02
119,4760,8.989367736685e-02,9.564481661393e-01,7.995319433063e-01,8.952798246271e-02
120,4800,8.969274883145e-02,1.002128992080e+00,7.133662504587e-01,8.952798246271e-02
121,4840,8.946624548985e-02,8.482239823255e-01,6.357625618916e-01,8.946624548985e-02
122,4880,8.960505934001e-02,8.818076410443e-01,6.457876989873e-01,8.946624548985e-02
123,4920,8.978163375604e-02,7.883382376074e-01,5.502177757539e-01,8.946624548985e-02
124,4960,8.955347174930e-02,1.006776142652e+00,7.279151102307e-01,8.946624548985e-02
125,5000,8.921810315584e-02,1.109773647932e+00,1.329247444206e+00,8.921810315584e-02
126,5040,8.920324029037e-02,9.518752547822e-01,1.211246634454e+00,8.920324029037e-02
127,5080,8.926838267397e-02,1.001536928241e+00,7.401023343878e-01,8.920324029037e-02
128,5120,8.944334354483e-02,9.826450270392e-01,9.456990504671e-01,8.920324029037e-02
129,5160,8.915582607934e-02,9.828950559979e-01,8.560985732801e-01,8.915582607934e-02
130,5200,8.952477856179e-02,9.651023236935e-01,7.494137526745e-01,8.915582607934e-02
131,5240,8.943610443958e-02,9.369631124366e-01,8.161758199488e-01,8.915582607934e-02
132,5280,8.913761538531e-02,8.951295110686e-01,7.718903540178e-01,8.913761538531e-02
133,5320,8.914945323386e-02,9.452385286141e-01,1.027221165798e+00,8.913761538531e-02
134,5360,8.400993005552e-02,8.174007062130e-01,6.884319408354e-01,8.400993005552e-02
135,5400,1.028853710085e-01,1.172842745094e+00,5.582545861119e-01,8.400993005552e-02
136,5440,2.275405738972e-01,9.440365655383e-01,3.258234655823e-01,8.400993005552e-02
137,5480,1.898572548447e-01,1.129461454118e+00,5.107378457336e-01,8.400993005552e-02
138,5520,6.414908487248e-01,1.226236592021e+00,3.976481306105e-01,8.400993005552e-02
139,5560,2.196798152635e-01,1.040765792040e+00,3.381209652906e-01,8.400993005552e-02
140,5600,3.910944093422e-01,1.169891101796e+00,4.191217232191e-01,8.400993005552e-02
141,5640,2.811788769800e-01,1.159915747343e+00,4.261999282813e-01,8.400993005552e-02
142,5680,3.790471009826e-01,1.189372611480e+00,4.376532503291e-01,8.400993005552e-02
143,5720,2.085167967547e-01,1.125653263141e+00,3.730375585449e-01,8.400993005552e-02
144,5760,2.902429465989e-01,1.251087706271e+00,3.813625431943e-01,8.400993005552e-02
145,5800,1.315423335556e-01,1.081462027749e+00,4.759192049976e-01,8.400993005552e-02
146,5840,3.322921422599e-01,1.292025897483e+00,3.873859937445e-01,8.400993005552e-02
147,5880,3.085096530752e-01,1.256867626989e+00,5.717771374696e-01,8.400993005552e-02
148,5920,1.370928061840e-01,1.357811616217e+00,1.323874219418e+00,8.400993005552e-02
149,5960,1.974590854037e-01,1.255585974029e+00,7.212344895200e-01,8.400993005552e-02
150,6000,1.168571563160e-01,1.342094765237e+00,9.629494869151e-01,8.400993005552e-02
151,6040,2.496021257016e-01,1.265602421773e+00,4.885595633937e-01,8.400993005552e-02
152,6080,2.371587070026e-01,1.351740055886e+00,6.589058436928e-01,8.400993005552e-02
153,6120,1.325855937830e-01,1.207924678455e+00,4.597544505269e-01,8.400993005552e-02
154,6160,3.191809418605e-01,1.317851071635e+00,6.428165939875e-01,8.400993005552e-02
155,6200,3.445851487831e-01,1.110713962114e+00,3.661241249954e-01,8.400993005552e-02
156,6240,1.803512057954e-01,1.262807095621e+00,4.940803270005e-01,8.400993005552e-02
157,6280,5.328291388894e-01,1.152285864111e+00,5.243337354915e-01,8.400993005552e-02
158,6320,1.250654955455e-01,1.206403559244e+00,4.793983596699e-01,8.400993005552e-02
159,6360,2.980507800164e-01,1.351884660316e+00,6.365263700245e-01,8.400993005552e-02
160,6400,1.412041869104e-01,1.213878956215e+00,5.614545197103e-01,8.400993005552e-02
161,6440,3.242811250009e-01,1.411624688000e+00,1.176309466181e+00,8.400993005552e-02
162,6480,7.524535576332e-02,1.386935130821e+00,2.499641906162e+00,7.524535576332e-02
163,6520,7.811867083179e-02,1.276469677035e+00,9.956721024309e-01,7.524535576332e-02
164,6560,7.257466047670e-02,1.112460765473e+00,6.573505451152e-01,7.257466047670e-02
165,6600,1.467317014967e-01,1.330365362415e+00,1.323626483710e+00,7.257466047670e-02
166,6640,9.311386348973e-02,1.337825438902e+00,1.150249641732e+00,7.257466047670e-02
167,6680,9.269492202814e-02,1.410215260500e+00,1.373435644403e+00,7.257466047670e-02
168,6720,1.105938484777e-01,1.202416373054e+00,8.652991944784e-01,7.257466047670e-02
169,6760,7.782205722574e-02,1.268520558099e+00,1.294432166454e+00,7.257466047670e-02
170,6800,7.088790035806e-02,1.250468895657e+00,9.294762116687e-01,7.088790035806e-02
171,6840,7.992912271650e-02,1.298349573181e+00,5.423030102335e-01,7.088790035806e-02
172,6880,7.373166348208e-02,1.101167115845e+00,5.835681163303e-01,7.088790035806e-02
173,6920,7.296607010708e-02,1.063131808815e+00,4.697949898055e-01,7.088790035806e-02
174,6960,7.106233292668e-02,1.206736796197e+00,4.681871139188e-01,7.088790035806e-02
175,7000,7.173640444401e-02,1.236685646770e+00,6.718711993829e-01,7.088790035806e-02
176,7040,7.291159559291e-02,1.128436659152e+00,5.253226192022e-01,7.088790035806e-02
177,7080,7.064345279261e-02,1.226570547106e+00,4.929950829838e-01,7.064345279261e-02
178,7120,7.087646949243e-02,1.294089625787e+00,5.297330792031e-01,7.064345279261e-02
179,7160,7.119134626441e-02,1.001461569205e+00,3.664967725806e-01,7.064345279261e-02
180,7200,7.107313117665e-02,1.059038067177e+00,4.678427944084e-01,7.064345279261e-02
181,7240,7.101107930288e-02,1.079346021684e+00,4.588154080339e-01,7.064345279261e-02
182,7280,7.090561202862e-02,1.145372744101e+00,5.163803345799e-01,7.064345279261e-02
183,7320,7.101517513976e-02,1.271761423541e+00,6.050178686551e-01,7.064345279261e-02
184,7360,7.043681291307e-02,1.194677688043e+00,4.965502609794e-01,7.043681291307e-02
185,7400,7.048590352696e-02,1.086636208994e+00,4.747445847189e-01,7.043681291307e-02
186,7440,7.045841231235e-02,1.055167979514e+00,4.382003702630e-01,7.043681291307e-02
187,7480,7.062499343926e-02,1.073176568838e+00,5.294561641532e-01,7.043681291307e-02
188,7520,7.039027740632e-02,1.186642337649e+00,6.687550140963e-01,7.039027740632e-02
189,7560,7.030238237864e-02,1.222894486968e+00,6.133211423232e-01,7.030238237864e-02
190,7600,7.028114986556e-02,1.158327990359e+00,4.881020339870e-01,7.028114986556e-02
191,7640,7.028766451994e-02,1.097368752319e+00,5.263745433783e-01,7.028114986556e-02
192,7680,7.024399335355e-02,1.215033991475e+00,4.658719954029e-01,7.024399335355e-02
193,7720,7.024211276369e-02,1.176491652634e+00,5.324901369996e-01,7.024211276369e-02
194,7760,7.025608407924e-02,1.201348775467e+00,6.183207990219e-01,7.024211276369e-02
195,7800,7.025481409443e-02,1.310671639817e+00,1.827942705597e+00,7.024211276369e-02
196,7840,7.021578607314e-02,1.097725043120e+00,5.328264114397e-01,7.021578607314e-02
197,7880,7.075469420520e-02,1.305837725972e+00,1.156153862361e+00,7.021578607314e-02
198,7920,7.097901332990e-02,1.240163764181e+00,5.827062122854e-01,7.021578607314e-02
199,7960,7.020043493684e-02,1.185685719994e+00,7.405215119428e-01,7.020043493684e-02
200,8000,7.086187794413e-02,1.034373729395e+00,5.748755967980e-01,7.020043493684e-02
201,8040,7.051584077815e-02,1.163565423163e+00,5.998214631169e-01,7.020043493684e-02
202,8080,7.056393281034e-02,1.238407430467e+00,7.360068600516e-01,7.020043493684e-02
203,8120,7.046740223140e-02,1.194706972668e+00,5.886296874799e-01,7.020043493684e-02
204,8160,7.055100596299e-02,1.102817199429e+00,5.576323914441e-01,7.020043493684e-02
205,8200,7.051444817979e-02,1.188272559173e+00,5.227922158941e-01,7.020043493684e-02
206,8240,7.011803445385e-02,1.212950304619e+00,6.274503249374e-01,7.011803445385e-02
207,8280,7.004041066811e-02,9.792110684045e-01,4.487437572411e-01,7.004041066811e-02
208,8320,7.009226768118e-02,1.199665679611e+00,5.552589165500e-01,7.004041066811e-02
209,8360,7.004084708462e-02,1.125217821266e+00,6.046642838968e-01,7.004041066811e-02
210,8400,7.017161307642e-02,1.172416432490e+00,5.041313225683e-01,7.004041066811e-02
211,8440,7.010892011841e-02,1.046617209939e+00,5.671723661501e-01,7.004041066811e-02
212,8480,7.000584619492e-02,1.083484877704e+00,5.239269013067e-01,7.000584619492e-02
213,8520,7.000221998772e-02,1.201373542975e+00,7.418947184647e-01,7.000221998772e-02
214,8560,6.995013384391e-02,1.112946633861e+00,4.946211403472e-01,6.995013384391e-02
215,8600,6.996965508008e-02,9.677811975852e-01,5.587587061912e-01,6.995013384391e-02
216,8640,7.004130534525e-02,1.069519512004e+00,5.027164690057e-01,6.995013384391e-02
217,8680,6.999551762582e-02,1.058626674704e+00,4.509161284730e-01,6.995013384391e-02
218,8720,6.995072396634e-02,1.098443280880e+00,5.711602937167e-01,6.995013384391e-02
219,8760,6.992029722893e-02,1.111067003793e+00,5.047986453364e-01,6.992029722893e-02
220,8800,6.995186641816e-02,1.193733824827e+00,8.054866028082e-01,6.992029722893e-02
221,8840,6.993521401243e-02,1.089250352391e+00,7.463842187898e-01,6.992029722893e-02
222,8880,6.994153515839e-02,1.310019341141e+00,6.750508655519e-01,6.992029722893e-02
223,8920,6.989902285950e-02,1.236983561394e+00,1.086543357124e+00,6.989902285950e-02
224,8960,6.987978081995e-02,1.143920951493e+00,5.436066581536e-01,6.987978081995e-02
225,9000,6.985911431618e-02,1.214089145379e+00,6.513251735062e-01,6.985911431618e-02
226,9040,6.984602106022e-02,1.141752369636e+00,4.471953274676e-01,6.984602106022e-02
227,9080,6.981094410935e-02,9.626237226639e-01,5.128144080210e-01,6.981094410935e-02
228,9120,6.980744643487e-02,1.017972892581e+00,4.172784245327e-01,6.980744643487e-02
229,9160,6.978683001812e-02,1.041270559070e+00,4.593328950243e-01,6.978683001812e-02
230,9200,6.976587158132e-02,9.865580090441e-01,5.154870271797e-01,6.976587158132e-02
231,9240,6.975184252552e-02,1.137091537917e+00,4.532188834686e-01,6.975184252552e-02
232,9280,6.972436153260e-02,1.018434953252e+00,5.106713839751e-01,6.972436153260e-02
233,9320,6.970726838731e-02,1.052913474008e+00,5.067110193403e-01,6.970726838731e-02
234,9360,6.969721627663e-02,1.160674111458e+00,5.179801905632e-01,6.969721627663e-02
235,9400,6.969114779962e-02,1.158137836265e+00,5.723498101786e-01,6.969114779962e-02
236,9440,6.968738455410e-02,1.106180248388e+00,5.372955251392e-01,6.968738455410e-02
237,9480,6.968498920710e-02,1.229173029279e+00,9.171566490241e-01,6.968498920710e-02
238,9520,6.968342743661e-02,1.410122288041e+00,1.853311087286e+00,6.968342743661e-02
239,9560,6.968238739974e-02,1.126896942106e+00,6.371393915368e-01,6.968238739974e-02
240,9600,6.534085179463e-02,1.326419226150e+00,1.333917630714e+00,6.534085179463e-02
241,9640,2.611708193313e-01,1.097099095802e+00,4.258168762810e-01,6.534085179463e-02
242,9680,1.222981321850e-01,1.390754224339e+00,8.503771409963e-01,6.534085179463e-02
243,9720,1.889820661380e-01,1.225582995807e+00,8.268982215401e-01,6.534085179463e-02
244,9760,2.073200058194e-01,1.271150308032e+00,4.868177281706e-01,6.534085179463e-02
245,9800,3.173732999374e-01,1.285009307364e+00,8.749773280344e-01,6.534085179463e-02
246,9840,2.895379971885e-01,1.300740790959e+00,8.501830165745e-01,6.534085179463e-02
247,9880,1.098648565005e-01,1.367687714353e+00,1.473507185662e+00,6.534085179463e-02
248,9920,7.022045209412e-02,1.204436464201e+00,4.812638212707e-01,6.534085179463e-02
249,9960,4.255519598099e-01,1.314553521469e+00,1.132691313964e+00,6.534085179463e-02
250,10000,1.339625340983e-01,1.218053153317e+00,5.301189653655e-01,6.534085179463e-02
251,10040,1.044682296097e-01,1.259497607810e+00,6.449080077337e-01,6.534085179463e-02
252,10080,1.462940398659e-01,1.262205673393e+00,6.678143163657e-01,6.534085179463e-02
253,10120,2.369075665419e-01,1.145338564720e+00,4.373403101860e-01,6.534085179463e-02
254,10160,1.545757433933e-01,1.177204425024e+00,8.495094358566e-01,6.534085179463e-02
255,10200,2.416020237211e-01,1.211959520882e+00,8.923531168923e-01,6.534085179463e-02
256,10240,8.092432150563e-02,1.270182773724e+00,6.252124021003e-01,6.534085179463e-02
257,10280,1.581435394632e-01,1.255128824264e+00,9.851440183175e-01,6.534085179463e-02
258,10320,1.921453590136e-01,1.125743804778e+00,5.442581534764e-01,6.534085179463e-02
259,10360,7.551348027305e-02,1.257183977007e+00,7.290948025013e-01,6.534085179463e-02
260,10400,2.528507195178e-01,1.209612813970e+00,6.981950349283e-01,6.534085179463e-02
261,10440,1.145704746835e-01,1.359300259119e+00,1.015078378437e+00,6.534085179463e-02
262,10480,1.702823084048e-01,1.407220818351e+00,7.635893288327e-01,6.534085179463e-02
263,10520,9.308628496535e-02,1.286860449164e+00,6.327725601409e-01,6.534085179463e-02
264,10560,1.461110993388e-01,1.191833145415e+00,5.310079494734e-01,6.534085179463e-02
265,10600,1.275018684773e-01,1.042227628004e+00,4.470002900563e-01,6.534085179463e-02
266,10640,7.115832481286e-02,1.112229968845e+00,5.549507405089e-01,6.534085179463e-02
267,10680,8.683354443150e-02,1.211911881264e+00,5.943486739942e-01,6.534085179463e-02
268,10720,7.531859757504e-02,1.045983653982e+00,5.340384449328e-01,6.534085179463e-02
269,10760,9.607864860081e-02,1.059143405525e+00,5.464896064186e-01,6.534085179463e-02
270,10800,1.042057785016e-01,1.059259343451e+00,6.511045173201e-01,6.534085179463e-02
271,10840,7.851818610632e-02,1.001978421198e+00,4.643065512319e-01,6.534085179463e-02
272,10880,6.608455893210e-02,1.053035980291e+00,4.784410701814e-01,6.534085179463e-02
273,10920,1.063857015904e-01,1.202501953734e+00,5.267080795950e-01,6.534085179463e-02
274,10960,6.815822770078e-02,1.063777917020e+00,8.237036167989e-01,6.534085179463e-02
275,11000,7.261918016959e-02,1.064754612599e+00,4.532413139410e-01,6.534085179463e-02
276,11040,6.462286092875e-02,1.097064545846e+00,6.825295783327e-01,6.462286092875e-02
277,11080,6.650332356901e-02,1.103704133811e+00,5.785970059057e-01,6.462286092875e-02
278,11120,6.649516498396e-02,1.169528813752e+00,7.827698829597e-01,6.462286092875e-02
279,11160,7.073264805749e-02,1.047438698354e+00,4.451287193573e-01,6.462286092875e-02
280,11200,6.378087068790e-02,1.000366873052e+00,5.774192781733e-01,6.378087068790e-02
281,11240,6.731032546681e-02,1.065186958299e+00,4.311876791449e-01,6.378087068790e-02
282,11280,6.491972441626e-02,1.033309815536e+00,4.815231190982e-01,6.378087068790e-02
283,11320,6.670414658546e-02,1.014490313729e+00,4.866261827379e-01,6.378087068790e-02
284,11360,6.423256409092e-02,1.087087698756e+00,5.400004627471e-01,6.378087068790e-02
285,11400,6.335118061058e-02,1.005006317550e+00,4.864904490423e-01,6.335118061058e-02
286,11440,6.361332700460e-02,9.453364406751e-01,4.238313220094e-01,6.335118061058e-02
287,11480,6.339519207766e-02,9.059815054621e-01,4.952495465624e-01,6.335118061058e-02
288,11520,6.358266039390e-02,1.082691299887e+00,6.105774755380e-01,6.335118061058e-02
289,11560,6.335055710023e-02,1.039752675937e+00,7.175077642215e-01,6.335055710023e-02
290,11600,6.362150765541e-02,1.115879202762e+00,8.178886723437e-01,6.335055710023e-02
291,11640,6.332942582834e-02,1.298930952339e+00,1.437880493112e+00,6.332942582834e-02
292,11680,6.336551786416e-02,1.069391238227e+00,5.502317356228e-01,6.332942582834e-02
293,11720,6.338418539512e-02,1.064408332926e+00,7.681948077064e-01,6.332942582834e-02
294,11760,6.334291022343e-02,9.976189683622e-01,5.098709517443e-01,6.332942582834e-02
295,11800,6.363737373354e-02,1.067025121984e+00,7.282980804090e-01,6.332942582834e-02
296,11840,6.332166728969e-02,1.056599148266e+00,6.610598565024e-01,6.332166728969e-02
297,11880,6.332680362298e-02,1.166589786055e+00,5.917463133168e-01,6.332166728969e-02
298,11920,6.338007701758e-02,1.073032808861e+00,6.480036343581e-01,6.332166728969e-02
299,11960,6.334301317127e-02,1.141348186852e+00,9.823527220367e-01,6.332166728969e-02
300,12000,6.334086486517e-02,1.500981724437e+00,2.485089355833e+00,6.332166728969e-02
301,12040,6.333036514912e-02,9.258595902328e-01,7.592094534003e-01,6.332166728969e-02
302,12080,6.331495898981e-02,1.261770866452e+00,1.523096996298e+00,6.331495898981e-02
303,12120,6.339184122512e-02,1.263431753220e+00,1.727448827381e+00,6.331495898981e-02
304,12160,6.333203292944e-02,1.111878646109e+00,8.265147295720e-01,6.331495898981e-02
305,12200,6.330696576995e-02,1.224190410234e+00,1.225066157811e+00,6.330696576995e-02
306,12240,6.331227458155e-02,1.072105431269e+00,9.114560594442e-01,6.330696576995e-02
307,12280,6.331057620134e-02,1.264932530801e+00,8.311226584257e-01,6.330696576995e-02
308,12320,6.331175114925e-02,1.095172170283e+00,6.463865224761e-01,6.330696576995e-02
309,12360,6.330532015079e-02,1.374426900001e+00,2.023129016885e+00,6.330532015079e-02
310,12400,6.328149313492e-02,9.777151551081e-01,8.930050296605e-01,6.328149313492e-02
311,12440,6.327142311120e-02,1.099890700059e+00,9.930007436300e-01,6.327142311120e-02
312,12480,6.325376330671e-02,1.050522327875e+00,6.250760682661e-01,6.325376330671e-02
313,12520,6.324398626631e-02,9.238598153518e-01,5.918813846355e-01,6.324398626631e-02
314,12560,6.323846992994e-02,1.061722526857e+00,6.411193981098e-01,6.323846992994e-02
315,12600,6.323528778089e-02,1.056742128546e+00,5.526335886802e-01,6.323528778089e-02
316,12640,6.321752618250e-02,9.270255269404e-01,5.217529724186e-01,6.321752618250e-02
317,12680,6.319337906882e-02,9.483596982362e-01,6.168506187924e-01,6.319337906882e-02
318,12720,6.311735068319e-02,8.144341335402e-01,4.620511075311e-01,6.311735068319e-02
319,12760,6.309483861942e-02,9.474330718567e-01,5.150557925094e-01,6.309483861942e-02
320,12800,6.306781811418e-02,8.987274972339e-01,5.696720390619e-01,6.306781811418e-02
321,12840,6.306317724276e-02,8.819531768190e-01,5.594915604705e-01,6.306317724276e-02
322,12880,6.306129424159e-02,1.089879755824e+00,5.714166377110e-01,6.306129424159e-02
323,12920,6.288712232092e-02,1.051060388489e+00,5.340392084369e-01,6.288712232092e-02
324,12960,6.286713637064e-02,1.024080880148e+00,6.098241737243e-01,6.286713637064e-02
325,13000,6.278187526131e-02,9.009132602552e-01,4.745123559614e-01,6.278187526131e-02
326,13040,6.270441808560e-02,9.044702326969e-01,5.038214074785e-01,6.270441808560e-02
327,13080,6.263575774673e-02,9.420418079831e-01,5.787143887412e-01,6.263575774673e-02
328,13120,6.250366218412e-02,9.865681983444e-01,6.434244377459e-01,6.250366218412e-02
329,13160,6.253125154098e-02,8.796782368762e-01,6.129879187687e-01,6.250366218412e-02
330,13200,6.246504494232e-02,1.125159190662e+00,1.105063921324e+00,6.246504494232e-02
331,13240,6.242617381141e-02,9.876048359877e-01,5.941742003863e-01,6.242617381141e-02
332,13280,6.240143135187e-02,1.053521632646e+00,1.278887909773e+00,6.240143135187e-02
333,13320,6.238966824621e-02,8.992994290649e-01,6.868419571871e-01,6.238966824621e-02
334,13360,6.232310164823e-02,8.765314664972e-01,5.478713013787e-01,6.232310164823e-02
335,13400,6.203646273633e-02,9.505899649525e-01,6.120588250152e-01,6.203646273633e-02
336,13440,6.192863640828e-02,8.808743284522e-01,5.476125417156e-01,6.192863640828e-02
337,13480,6.187004779790e-02,9.862091711607e-01,6.149126660168e-01,6.187004779790e-02
338,13520,6.181666390377e-02,9.040560784528e-01,5.266941560767e-01,6.181666390377e-02
339,13560,6.165016836524e-02,1.060447214006e+00,5.853845127904e-01,6.165016836524e-02
340,13600,6.168159612519e-02,9.121054370338e-01,5.496311245357e-01,6.165016836524e-02
341,13640,6.166363377186e-02,1.095158544231e+00,6.801258376089e-01,6.165016836524e-02
342,13680,6.164619835299e-02,8.968525371361e-01,4.803586634325e-01,6.164619835299e-02
343,13720,6.169373693542e-02,1.045099796602e+00,7.624098164655e-01,6.164619835299e-02
344,13760,6.166201922377e-02,7.992808459547e-01,5.242571066850e-01,6.164619835299e-02
345,13800,6.161700092480e-02,9.295731030108e-01,6.204571272772e-01,6.161700092480e-02
346,13840,6.165176585533e-02,9.187448024211e-01,5.164637068601e-01,6.161700092480e-02
347,13880,6.162312660321e-02,8.920995864246e-01,5.669905884121e-01,6.161700092480e-02
348,13920,6.162192196246e-02,8.779656767258e-01,5.559908738529e-01,6.161700092480e-02
349,13960,6.162792904143e-02,9.567851107137e-01,5.309555477886e-01,6.161700092480e-02
350,14000,6.161855251691e-02,1.038368919592e+00,6.000282622769e-01,6.161700092480e-02
351,14040,6.160996979362e-02,8.232530510307e-01,5.737934147274e-01,6.160996979362e-02
352,14080,6.161462585276e-02,1.020496407918e+00,5.649489133377e-01,6.160996979362e-02
353,14120,6.161627620313e-02,1.045417802776e+00,5.731173911150e-01,6.160996979362e-02
354,14160,6.160995875776e-02,8.723329395280e-01,5.842694339213e-01,6.160995875776e-02
355,14200,6.160273512724e-02,9.881467286043e-01,5.417003194554e-01,6.160273512724e-02
356,14240,6.161336091667e-02,9.650963288624e-01,5.722984802195e-01,6.160273512724e-02
357,14280,6.160741615813e-02,8.172548578607e-01,4.911190251614e-01,6.160273512724e-02
358,14320,6.160381970480e-02,8.672754260127e-01,5.553350909280e-01,6.160273512724e-02
359,14360,6.160604589859e-02,8.393196831304e-01,5.355363885694e-01,6.160273512724e-02
360,14400,6.159773544194e-02,9.083990061753e-01,5.886238118473e-01,6.159773544194e-02
361,14440,6.159155062278e-02,9.369038237828e-01,5.520310786356e-01,6.159155062278e-02
362,14480,6.159345904257e-02,8.518346207888e-01,5.021741277749e-01,6.159155062278e-02
363,14520,6.159176622334e-02,8.639524796207e-01,5.674075184776e-01,6.159155062278e-02
364,14560,6.159299247602e-02,9.005144888661e-01,5.341579928688e-01,6.159155062278e-02
365,14600,6.159041984591e-02,7.706117973889e-01,5.052225379924e-01,6.159041984591e-02
366,14640,6.159144971428e-02,8.536057091462e-01,5.419374745826e-01,6.159041984591e-02
367,14680,6.158930438209e-02,8.893331353063e-01,6.379786794167e-01,6.158930438209e-02
368,14720,6.158949589202e-02,9.835898846538e-01,6.479031834755e-01,6.158930438209e-02
369,14760,6.158893438758e-02,8.108134396922e-01,6.635214646687e-01,6.158893438758e-02
370,14800,6.159004803434e-02,8.803108122543e-01,5.815373545488e-01,6.158893438758e-02
371,14840,6.158888877992e-02,9.303289456160e-01,6.454659504709e-01,6.158888877992e-02
372,14880,6.159066208891e-02,9.525917291181e-01,6.086867877772e-01,6.158888877992e-02
373,14920,6.158794757001e-02,8.710814495639e-01,5.530153401694e-01,6.158794757001e-02
374,14960,6.158721370932e-02,8.293018401667e-01,5.260133995332e-01,6.158721370932e-02
375,15000,6.158705337051e-02,8.093771037961e-01,5.617671581889e-01,6.158705337051e-02
376,15040,6.158665611965e-02,9.387727161244e-01,6.039341799671e-01,6.158665611965e-02
377,15080,6.158667447758e-02,7.903653051952e-01,5.190168323560e-01,6.158665611965e-02
378,15120,6.158649909777e-02,8.683309758192e-01,5.392515010683e-01,6.158649909777e-02
379,15160,6.158609652035e-02,9.527693255990e-01,5.875319298042e-01,6.158609652035e-02
380,15200,6.158587744518e-02,8.950097977260e-01,5.829810807990e-01,6.158587744518e-02
381,15240,6.158607009151e-02,8.614483757939e-01,5.248255462555e-01,6.158587744518e-02
382,15280,6.158576531920e-02,9.763991820649e-01,6.245663564366e-01,6.158576531920e-02
383,15320,6.158569052099e-02,7.752651410512e-01,5.076362067582e-01,6.158569052099e-02
384,15360,6.158553612164e-02,8.520500073757e-01,5.865099954183e-01,6.158553612164e-02
385,15400,6.158548457785e-02,8.526305884979e-01,5.698964478279e-01,6.158548457785e-02
386,15440,6.158536301773e-02,9.261315161371e-01,6.819302834476e-01,6.158536301773e-02
387,15480,6.158537080602e-02,9.168142399236e-01,6.510716588223e-01,6.158536301773e-02
388,15520,6.158534224738e-02,9.703928471898e-01,7.023425089293e-01,6.158534224738e-02
389,15560,6.158531814623e-02,9.469542378091e-01,5.913571928175e-01,6.158531814623e-02
390,15600,6.158533508813e-02,1.017702848416e+00,7.182005492705e-01,6.158531814623e-02
391,15640,5.090849907457e-02,8.738469308984e-01,5.863071975720e-01,5.090849907457e-02
392,15680,3.598394119306e-01,1.134009763924e+00,3.148548419348e-01,5.090849907457e-02
393,15720,3.357456542195e-01,1.091958241528e+00,3.450390575280e-01,5.090849907457e-02
394,15760,2.816466454237e-01,1.099753709247e+00,2.991561321370e-01,5.090849907457e-02
395,15800,7.293685201660e-02,1.079144410923e+00,3.715318473149e-01,5.090849907457e-02
396,15840,3.262104992696e-01,1.039120324848e+00,4.625219382861e-01,5.090849907457e-02
397,15880,1.337186338501e-01,1.119134206118e+00,4.478908178265e-01,5.090849907457e-02
398,15920,1.847726732900e-01,1.121168340387e+00,4.316273940906e-01,5.090849907457e-02
399,15960,3.139938454739e-01,1.209419386431e+00,4.128939230171e-01,5.090849907457e-02
400,16000,1.129505838945e-01,1.166755477175e+00,4.716109569633e-01,5.090849907457e-02
401,16040,1.570460248854e-01,1.093682683786e+00,3.384241231780e-01,5.090849907457e-02
402,16080,5.147602216011e-01,1.138577166233e+00,3.318809459939e-01,5.090849907457e-02
403,16120,1.115119966393e-01,1.168951674073e+00,4.966406161928e-01,5.090849907457e-02
404,16160,2.490785997265e-01,1.244604747631e+00,3.798600780816e-01,5.090849907457e-02
405,16200,5.579741894131e-01,1.197231940452e+00,3.802009156440e-01,5.090849907457e-02
406,16240,9.354137056516e-02,1.123659909711e+00,3.993939218063e-01,5.090849907457e-02
407,16280,1.110861700130e-01,1.158310339187e+00,4.616519350229e-01,5.090849907457e-02
408,16320,2.248500196840e-01,1.111869366919e+00,3.993533069299e-01,5.090849907457e-02
409,16360,1.450361407203e-01,1.144707565821e+00,3.982163852512e-01,5.090849907457e-02
410,16400,4.862573959236e-01,1.148826873677e+00,3.237539126762e-01,5.090849907457e-02
411,16440,3.587191360468e-01,1.081174711448e+00,3.685694525959e-01,5.090849907457e-02
412,16480,1.607100977575e-01,1.218809586810e+00,4.661284182465e-01,5.090849907457e-02
413,16520,2.402268211054e-01,1.259309148137e+00,3.607351101716e-01,5.090849907457e-02
414,16560,9.292670984896e-02,1.204254788079e+00,5.093148152188e-01,5.090849907457e-02
415,16600,5.669473430575e-01,1.298444795235e+00,3.265796614446e-01,5.090849907457e-02
416,16640,3.741211379513e-01,1.244709716645e+00,3.818369229124e-01,5.090849907457e-02
417,16680,2.165004716477e-01,1.155229172303e+00,3.823520609171e-01,5.090849907457e-02
418,16720,7.073518991144e-02,1.148312916296e+00,3.840357189037e-01,5.090849907457e-02
419,16760,2.359361328707e-01,1.175124303188e+00,3.226043740585e-01,5.090849907457e-02
420,16800,2.361403090957e-01,1.206256928612e+00,4.709235851417e-01,5.090849907457e-02
421,16840,1.549672307560e-01,1.179475868033e+00,5.409861163192e-01,5.090849907457e-02
422,16880,1.259485623218e-01,1.214869581882e+00,3.384138501714e-01,5.090849907457e-02
423,16920,1.891936413496e-01,1.175932350661e+00,3.938095979048e-01,5.090849907457e-02
424,16960,1.149942133915e-01,1.071624601757e+00,4.987218529784e-01,5.090849907457e-02
425,17000,1.644356426288e-01,1.232062871451e+00,3.965623218672e-01,5.090849907457e-02
426,17040,2.059471138195e-01,1.137579929039e+00,4.986507390772e-01,5.090849907457e-02
427,17080,4.950203113369e-02,1.123242766641e+00,5.166549635598e-01,4.950203113369e-02
428,17120,4.889680601127e-02,1.249164313271e+00,5.745865151593e-01,4.889680601127e-02
429,17160,1.089054736707e-01,1.233116419687e+00,4.509581015286e-01,4.889680601127e-02
430,17200,3.844587359336e-02,1.200336031877e+00,4.919122167420e-01,3.844587359336e-02
431,17240,3.544067382669e-02,1.175273000903e+00,4.260860540119e-01,3.544067382669e-02
432,17280,5.821632002570e-02,1.291240420719e+00,6.801479222354e-01,3.544067382669e-02
433,17320,4.730961708964e-02,1.270066897677e+00,7.194921790795e-01,3.544067382669e-02
434,17360,2.872821059570e-02,1.235253399830e+00,5.788810686891e-01,2.872821059570e-02
435,17400,2.537198784194e-02,1.053536693746e+00,4.245051129028e-01,2.537198784194e-02
436,17440,3.062695810101e-02,1.089649164312e+00,6.100628947302e-01,2.537198784194e-02
437,17480,2.742977602475e-02,1.158645332506e+00,3.935550734836e-01,2.537198784194e-02
438,17520,2.674538197709e-02,1.171429400961e+00,4.892672075012e-01,2.537198784194e-02
439,17560,2.401181811662e-02,1.078076197844e+00,4.155373190408e-01,2.401181811662e-02
440,17600,2.306107359691e-02,1.145125742007e+00,5.362833240492e-01,2.306107359691e-02
441,17640,2.290534082609e-02,1.022674782188e+00,4.759238232420e-01,2.290534082609e-02
442,17680,2.306753066790e-02,1.224945889451e+00,5.216366150545e-01,2.290534082609e-02
443,17720,2.273980948986e-02,1.229990367490e+00,4.786798499955e-01,2.273980948986e-02
444,17760,2.272465915503e-02,1.201199779704e+00,5.130403430176e-01,2.272465915503e-02
445,17800,2.282821769681e-02,1.276386553679e+00,4.434245086466e-01,2.272465915503e-02
446,17840,2.276079734326e-02,1.050632124160e+00,4.414455907899e-01,2.272465915503e-02
447,17880,2.266536086506e-02,1.045100106409e+00,4.162727202669e-01,2.266536086506e-02
448,17920,2.267415586610e-02,1.188137313965e+00,4.652435325619e-01,2.266536086506e-02
449,17960,2.257467569372e-02,1.134309443625e+00,4.567486055714e-01,2.257467569372e-02
450,18000,2.258944766245e-02,1.130084789190e+00,3.937765669460e-01,2.257467569372e-02
451,18040,2.264285205037e-02,1.027502313331e+00,4.506617013909e-01,2.257467569372e-02
452,18080,2.281736885359e-02,1.083162790255e+00,4.110300641646e-01,2.257467569372e-02
453,18120,2.258472638172e-02,9.956205964843e-01,4.274598399668e-01,2.257467569372e-02
454,18160,2.266939394176e-02,1.227889809386e+00,4.817318752495e-01,2.257467569372e-02
455,18200,2.256480216400e-02,1.091929431759e+00,4.536292493290e-01,2.256480216400e-02
456,18240,2.263186368741e-02,1.114167726406e+00,3.938161693797e-01,2.256480216400e-02
457,18280,2.257527448540e-02,1.092306412582e+00,5.313824711284e-01,2.256480216400e-02
458,18320,2.260146121136e-02,1.097394131739e+00,4.625371958185e-01,2.256480216400e-02
459,18360,2.256516735700e-02,1.151207079327e+00,5.392681812378e-01,2.256480216400e-02
460,18400,2.259121084789e-02,1.147049198952e+00,1.014034798606e+00,2.256480216400e-02
461,18440,2.256068147972e-02,1.090929174600e+00,4.209444126435e-01,2.256068147972e-02
462,18480,2.257659171229e-02,1.033098736361e+00,5.713485438649e-01,2.256068147972e-02
463,18520,2.256249769840e-02,1.020571810090e+00,4.321238963738e-01,2.256068147972e-02
464,18560,2.256404444797e-02,1.176529350162e+00,4.806081835492e-01,2.256068147972e-02
465,18600,2.256053844069e-02,1.090164797936e+00,5.625673371339e-01,2.256053844069e-02
466,18640,2.256016155578e-02,1.054939920281e+00,4.602663891803e-01,2.256016155578e-02
467,18680,2.256100343977e-02,1.050006063566e+00,4.201081482206e-01,2.256016155578e-02
468,18720,2.256039314318e-02,1.009595413006e+00,4.210873005635e-01,2.256016155578e-02
469,18760,2.256017538649e-02,1.050061740515e+00,5.033795231736e-01,2.256016155578e-02
470,18800,2.255992218653e-02,1.004745829314e+00,4.746961058436e-01,2.255992218653e-02
471,18840,2.256004665600e-02,1.180806205286e+00,4.646201067895e-01,2.255992218653e-02
472,18880,2.256024366088e-02,1.017459399018e+00,6.772977673753e-01,2.255992218653e-02
473,18920,2.256005133634e-02,9.961528593620e-01,6.805795567664e-01,2.255992218653e-02
474,18960,2.255983410936e-02,1.206659072979e+00,1.337751210469e+00,2.255983410936e-02
475,19000,2.255980113053e-02,9.626810285356e-01,4.298600370568e-01,2.255980113053e-02
476,19040,2.255984136921e-02,1.226014252371e+00,1.341925590468e+00,2.255980113053e-02
477,19080,2.255963696752e-02,1.175020261541e+00,1.530175846309e+00,2.255963696752e-02
478,19120,2.255958647072e-02,1.000389793502e+00,5.274664723967e-01,2.255958647072e-02
479,19160,2.255960022794e-02,1.344197743443e+00,1.891764023358e+00,2.255958647072e-02
480,19200,2.255958560805e-02,9.744857175334e-01,5.387481086566e-01,2.255958560805e-02
481,19240,2.255958909216e-02,1.203781003444e+00,1.068717550136e+00,2.255958560805e-02
482,19280,2.255959633905e-02,1.074227898923e+00,7.698901381026e-01,2.255958560805e-02
483,19320,2.255958977360e-02,1.099281944155e+00,7.846817573607e-01,2.255958560805e-02
484,19360,2.255542543082e-02,1.166248610418e+00,8.136626495116e-01,2.255542543082e-02
485,19400,2.266237620617e-02,9.749687025673e-01,4.748367069219e-01,2.255542543082e-02
486,19440,2.253399277198e-02,9.952314228391e-01,5.399257362638e-01,2.253399277198e-02
487,19480,2.239996328870e-02,9.541600501368e-01,5.535303675824e-01,2.239996328870e-02
488,19520,2.234161028523e-02,1.030996745638e+00,5.150968502565e-01,2.234161028523e-02
489,19560,2.232958124067e-02,9.630448422567e-01,5.898443429113e-01,2.232958124067e-02
490,19600,2.233646465242e-02,9.878293993073e-01,5.551308781678e-01,2.232958124067e-02
491,19640,2.233177866917e-02,1.058978120332e+00,5.978312076663e-01,2.232958124067e-02
492,19680,2.232584704954e-02,8.802064864460e-01,5.213087987863e-01,2.232584704954e-02
493,19720,2.232674364555e-02,1.049484682923e+00,4.959327425607e-01,2.232584704954e-02
494,19760,2.232951285752e-02,1.003013201400e+00,5.464761761790e-01,2.232584704954e-02
495,19800,2.233558717627e-02,8.767276798371e-01,4.649963373135e-01,2.232584704954e-02
496,19840,2.232947459741e-02,1.027899949931e+00,6.088618923715e-01,2.232584704954e-02
497,19880,2.232585417591e-02,9.767457689471e-01,5.218501576773e-01,2.232584704954e-02
498,19920,2.232628909763e-02,9.537461729315e-01,5.399466149893e-01,2.232584704954e-02
499,19960,2.227755259712e-02,9.982532635008e-01,5.983527824349e-01,2.227755259712e-02
500,20000,2.228354359251e-02,1.029762389975e+00,5.897577713588e-01,2.227755259712e-02
501,20040,2.234425198447e-02,1.006499006746e+00,6.539594314310e-01,2.227755259712e-02
502,20080,2.225391807583e-02,8.979614308567e-01,5.234270771720e-01,2.225391807583e-02
503,20120,2.230057733951e-02,9.610535306059e-01,5.662657864453e-01,2.225391807583e-02
504,20160,2.226581160962e-02,1.045245978824e+00,6.907389372504e-01,2.225391807583e-02
505,20200,2.225724160099e-02,1.079344236440e+00,6.269168071370e-01,2.225391807583e-02
506,20240,2.227447499613e-02,1.199726615609e+00,1.314762351809e+00,2.225391807583e-02
507,20280,2.228303657750e-02,9.808633279052e-01,6.111788615607e-01,2.225391807583e-02
508,20320,2.227054626325e-02,1.165776843606e+00,1.212353727903e+00,2.225391807583e-02
509,20360,2.228553174385e-02,9.498499384605e-01,5.488545667018e-01,2.225391807583e-02
510,20400,2.224677396527e-02,1.000256598166e+00,7.083095704015e-01,2.224677396527e-02
511,20440,2.225558918899e-02,9.775660721120e-01,5.871021102262e-01,2.224677396527e-02
512,20480,2.226143059723e-02,1.040733412129e+00,7.555399888051e-01,2.224677396527e-02
513,20520,2.223475746884e-02,9.629962363984e-01,5.452814564718e-01,2.223475746884e-02
514,20560,2.225880701905e-02,9.762501154889e-01,6.354956253678e-01,2.223475746884e-02
515,20600,2.221793593164e-02,9.575073447450e-01,8.410916955949e-01,2.221793593164e-02
516,20640,2.222464816868e-02,8.721779344782e-01,5.367162517784e-01,2.221793593164e-02
517,20680,2.221909309959e-02,9.917170667803e-01,7.842112918032e-01,2.221793593164e-02
518,20720,2.221668467020e-02,9.696174135545e-01,7.042604730158e-01,2.221668467020e-02
519,20760,2.220607861974e-02,9.852997698701e-01,6.049317988702e-01,2.220607861974e-02
520,20800,2.222529659637e-02,1.039789130157e+00,7.251057309918e-01,2.220607861974e-02
521,20840,2.220405943100e-02,9.713006017320e-01,5.826625673625e-01,2.220405943100e-02
522,20880,2.220474305145e-02,1.009349567961e+00,6.508968180842e-01,2.220405943100e-02
523,20920,2.221181841511e-02,9.030206070094e-01,5.205480358890e-01,2.220405943100e-02
524,20960,2.220651457849e-02,9.713265471390e-01,6.475168707265e-01,2.220405943100e-02
525,21000,2.221452554730e-02,9.081525198496e-01,5.805216968766e-01,2.220405943100e-02
526,21040,2.221998951090e-02,8.912507166869e-01,5.130897636476e-01,2.220405943100e-02
527,21080,2.220384631331e-02,9.248456173633e-01,5.372660348938e-01,2.220384631331e-02
528,21120,2.220588665849e-02,8.784671351445e-01,5.734510329898e-01,2.220384631331e-02
529,21160,2.219959679467e-02,9.724283187777e-01,5.256127582197e-01,2.219959679467e-02
530,21200,2.220101682387e-02,8.879652288824e-01,5.865925474840e-01,2.219959679467e-02
531,21240,2.219986607672e-02,8.970168639259e-01,5.393465258904e-01,2.219959679467e-02
532,21280,2.219189218163e-02,9.411608291890e-01,6.005939217172e-01,2.219189218163e-02
533,21320,2.219393669458e-02,8.076905225964e-01,4.884681995097e-01,2.219189218163e-02
534,21360,2.218973526899e-02,8.709113889829e-01,5.623789322356e-01,2.218973526899e-02
535,21400,2.219439516863e-02,8.982611457479e-01,5.671682255197e-01,2.218973526899e-02
536,21440,2.219645439589e-02,8.803355755341e-01,5.805518285651e-01,2.218973526899e-02
537,21480,2.219263867372e-02,9.310738782705e-01,5.886140031070e-01,2.218973526899e-02
538,21520,2.219318894537e-02,1.007159342617e+00,6.108572102366e-01,2.218973526899e-02
539,21560,2.218802913275e-02,9.302581385582e-01,5.946269891497e-01,2.218802913275e-02
540,21600,2.219277831845e-02,8.856891621384e-01,5.720361822230e-01,2.218802913275e-02
541,21640,2.219139303263e-02,8.780623341889e-01,5.348949547038e-01,2.218802913275e-02
542,21680,2.218916609480e-02,9.388073925334e-01,6.068926937350e-01,2.218802913275e-02
543,21720,2.218772898368e-02,7.974013805660e-01,5.159052086868e-01,2.218772898368e-02
544,21760,2.219114079113e-02,9.487908460310e-01,5.724748175433e-01,2.218772898368e-02
545,21800,2.218771243048e-02,9.147648692791e-01,5.446060475660e-01,2.218771243048e-02
546,21840,2.218779822632e-02,8.201042453154e-01,5.548970716114e-01,2.218771243048e-02
547,21880,2.219024611488e-02,7.621330903281e-01,4.910395437275e-01,2.218771243048e-02
548,21920,2.218792261690e-02,8.112100389701e-01,5.495726256832e-01,2.218771243048e-02
549,21960,2.218725307080e-02,9.874838832623e-01,5.857965223138e-01,2.218725307080e-02
550,22000,2.219025055962e-02,8.514292046434e-01,5.591512374789e-01,2.218725307080e-02
551,22040,2.219207900061e-02,8.417566618714e-01,5.542967465506e-01,2.218725307080e-02
552,22080,2.218692402976e-02,7.979335838533e-01,5.460461607296e-01,2.218692402976e-02
553,22120,2.218801645911e-02,8.836108703723e-01,6.409319083872e-01,2.218692402976e-02
554,22160,2.218716590660e-02,8.410666612554e-01,5.188787719358e-01,2.218692402976e-02
555,22200,2.218898174172e-02,9.755180316544e-01,6.814172834999e-01,2.218692402976e-02
556,22240,2.218845440287e-02,8.691577522011e-01,5.263816102287e-01,2.218692402976e-02
557,22280,2.218677970175e-02,8.933791736592e-01,6.583380193890e-01,2.218677970175e-02
558,22320,2.218701002341e-02,8.324743532266e-01,5.466568274475e-01,2.218677970175e-02
559,22360,2.218675008728e-02,8.236328116447e-01,5.134515967461e-01,2.218675008728e-02
560,22400,2.218714597956e-02,8.418036802064e-01,5.363097127115e-01,2.218675008728e-02
561,22440,2.218664502567e-02,8.455470468612e-01,5.485293784669e-01,2.218664502567e-02
562,22480,2.218699859808e-02,7.938108643197e-01,5.174030572024e-01,2.218664502567e-02
563,22520,2.218660155010e-02,7.682195129476e-01,4.929893625812e-01,2.218660155010e-02
564,22560,2.218692762353e-02,8.706081438624e-01,5.559873362583e-01,2.218660155010e-02
565,22600,2.218655560869e-02,8.786283424116e-01,5.255494653300e-01,2.218655560869e-02
566,22640,2.218657886641e-02,8.815251745199e-01,5.523368305074e-01,2.218655560869e-02
567,22680,2.218665147455e-02,9.048271185661e-01,6.049806368753e-01,2.218655560869e-02
568,22720,2.218672511575e-02,7.798101921202e-01,5.859583768827e-01,2.218655560869e-02
569,22760,2.218695033141e-02,8.471722448824e-01,5.840706215419e-01,2.218655560869e-02
570,22800,2.218627210788e-02,9.062191260583e-01,5.641069362022e-01,2.218627210788e-02
571,22840,2.218659043929e-02,8.110299891140e-01,5.626073408660e-01,2.218627210788e-02
572,22880,2.218676912178e-02,8.621023901347e-01,5.783105629533e-01,2.218627210788e-02
573,22920,2.218630155338e-02,8.343374409093e-01,6.105619688237e-01,2.218627210788e-02
574,22960,2.218622526880e-02,8.567394774626e-01,6.502345611375e-01,2.218622526880e-02
575,23000,2.218626687341e-02,9.115378324346e-01,9.479276906930e-01,2.218622526880e-02
576,23040,2.218613615584e-02,9.591995744396e-01,7.335193390333e-01,2.218613615584e-02
577,23080,2.218604318709e-02,1.171706737538e+00,2.035634886478e+00,2.218604318709e-02
578,23120,2.218595535459e-02,8.122713913385e-01,5.664969326347e-01,2.218595535459e-02
579,23160,2.218579268908e-02,9.596245759685e-01,8.859847064842e-01,2.218579268908e-02
580,23200,2.218576505839e-02,9.458918521732e-01,6.245445395629e-01,2.218576505839e-02
581,23240,2.218568645332e-02,1.005055817156e+00,7.774150397945e-01,2.218568645332e-02
582,23280,2.218572060452e-02,9.401959052968e-01,7.275481576200e-01,2.218568645332e-02
583,23320,2.218571656819e-02,8.412603951819e-01,5.831493779730e-01,2.218568645332e-02
584,23360,2.218568132227e-02,8.654861328603e-01,5.963161136227e-01,2.218568132227e-02
585,23400,2.218570751498e-02,8.636765768347e-01,6.459649985794e-01,2.218568132227e-02
586,23440,2.218569560665e-02,8.670502461898e-01,5.944530097935e-01,2.218568132227e-02
587,23480,2.218567450954e-02,8.462954338133e-01,6.330167652621e-01,2.218567450954e-02
588,23520,2.218568575081e-02,8.964745191950e-01,5.796291994056e-01,2.218567450954e-02
589,23560,2.218566859413e-02,8.846450073744e-01,6.284176848333e-01,2.218566859413e-02
590,23600,2.218567869771e-02,9.027484573248e-01,7.425762316935e-01,2.218566859413e-02
591,23640,2.218566831892e-02,9.812407350461e-01,7.201118432344e-01,2.218566831892e-02
592,23680,2.218568748981e-02,9.011205129267e-01,6.303977539421e-01,2.218566831892e-02
593,23720,2.218566865100e-02,9.164955753760e-01,6.851003603253e-01,2.218566831892e-02
594,23760,2.218566949578e-02,8.775186781762e-01,7.665770204206e-01,2.218566831892e-02
595,23800,2.218566711947e-02,9.351199982728e-01,8.921944758783e-01,2.218566711947e-02
596,23840,2.218567367994e-02,8.829287507032e-01,6.583241504611e-01,2.218566711947e-02
597,23880,2.218566618895e-02,8.570009454545e-01,6.523711828877e-01,2.218566618895e-02
598,23920,2.218567419122e-02,9.199072187263e-01,6.838671035665e-01,2.218566618895e-02
599,23960,2.218566805454e-02,8.316976738900e-01,6.246477524453e-01,2.218566618895e-02
600,24000,2.218566964320e-02,8.418294846710e-01,6.676640950216e-01,2.218566618895e-02
601,24040,2.218566304665e-02,7.742871257910e-01,6.296188694427e-01,2.218566304665e-02
602,24080,2.218567179649e-02,8.011250465173e-01,5.653178347186e-01,2.218566304665e-02
603,24120,2.218566162251e-02,9.627831062271e-01,7.722412556268e-01,2.218566162251e-02
604,24160,2.218566318050e-02,9.760391686387e-01,1.159772100420e+00,2.218566162251e-02
605,24200,2.218566151022e-02,8.893145354782e-01,7.411249781649e-01,2.218566151022e-02
606,24240,2.218566179818e-02,8.822554203208e-01,6.525300386220e-01,2.218566151022e-02
607,24280,2.218566165328e-02,8.161543855569e-01,6.629677738638e-01,2.218566151022e-02
608,24320,2.218566135089e-02,8.558971510687e-01,7.171324875589e-01,2.218566135089e-02
609,24360,2.218566376111e-02,8.087881082259e-01,7.458401170157e-01,2.218566135089e-02
610,24400,2.218566103487e-02,7.831807663806e-01,5.732722068007e-01,2.218566103487e-02
611,24440,2.218566177963e-02,8.332885991512e-01,6.334428416423e-01,2.218566103487e-02
612,24480,2.218566135715e-02,8.454281623994e-01,7.215032413311e-01,2.218566103487e-02
613,24520,2.218566117718e-02,7.332215084806e-01,5.820095107409e-01,2.218566103487e-02
614,24560,2.218566147505e-02,8.183048525294e-01,6.428720926366e-01,2.218566103487e-02
615,24600,2.218566107427e-02,7.603471228440e-01,6.229675944589e-01,2.218566103487e-02
616,24640,2.218566138475e-02,7.452768878839e-01,5.948569598892e-01,2.218566103487e-02
617,24680,2.218566126448e-02,7.356240667700e-01,5.587526319436e-01,2.218566103487e-02
618,24720,2.218566134284e-02,7.520307309655e-01,5.901157943181e-01,2.218566103487e-02
619,24760,2.218566097718e-02,8.554985107287e-01,6.597971008944e-01,2.218566097718e-02
620,24800,2.218566144965e-02,9.525324188259e-01,7.318419374325e-01,2.218566097718e-02
621,24840,2.218566105768e-02,7.964722811586e-01,5.887862696685e-01,2.218566097718e-02
622,24880,2.218566098604e-02,8.279907486488e-01,5.946548987338e-01,2.218566097718e-02
623,24920,2.218566104421e-02,7.845873321369e-01,6.152598671066e-01,2.218566097718e-02
624,24960,2.218566115089e-02,7.377469304079e-01,6.241681890906e-01,2.218566097718e-02
625,25000,2.218566134635e-02,7.170119207061e-01,5.941520011050e-01,2.218566097718e-02
626,25040,2.218566103268e-02,8.037265106966e-01,6.386676866795e-01,2.218566097718e-02
627,25080,2.218566116807e-02,7.361830850526e-01,5.702932789292e-01,2.218566097718e-02
628,25120,2.218566103877e-02,6.307274120805e-01,5.048956763696e-01,2.218566097718e-02
629,25160,2.218566104433e-02,8.025183856080e-01,5.918564862877e-01,2.218566097718e-02
630,25200,2.218566118279e-02,7.696214253129e-01,6.024792475928e-01,2.218566097718e-02
631,25240,2.218566115162e-02,6.828151972473e-01,5.339467584304e-01,2.218566097718e-02
632,25280,2.218566123991e-02,7.537411123134e-01,5.717525663572e-01,2.218566097718e-02
633,25320,2.218566124885e-02,6.960319145797e-01,5.159172928693e-01,2.218566097718e-02
634,25360,2.218566103687e-02,8.570304384888e-01,6.638612711748e-01,2.218566097718e-02
635,25400,2.218566095796e-02,8.178540844751e-01,7.040120767953e-01,2.218566095796e-02
636,25440,2.218566091923e-02,9.727384715412e-01,8.872855000590e-01,2.218566091923e-02
637,25480,2.218566099503e-02,7.675416249871e-01,5.592038623842e-01,2.218566091923e-02
638,25520,2.218566105016e-02,8.584074549586e-01,1.004305510511e+00,2.218566091923e-02
639,25560,2.218566092818e-02,8.203674378764e-01,6.631453441289e-01,2.218566091923e-02
640,25600,2.218566091331e-02,8.487834203587e-01,7.825968207167e-01,2.218566091331e-02
641,25640,2.218566088431e-02,8.255810109658e-01,6.250401835847e-01,2.218566088431e-02
642,25680,2.218566090868e-02,8.908934696393e-01,7.376067096894e-01,2.218566088431e-02
643,25720,2.218566091320e-02,7.818035223819e-01,6.475326964257e-01,2.218566088431e-02
644,25760,2.218566088047e-02,6.965231087115e-01,5.471221320593e-01,2.218566088047e-02
645,25800,2.218566090124e-02,7.784690996249e-01,5.964540899957e-01,2.218566088047e-02
646,25840,2.218566087225e-02,7.863633902113e-01,5.953463624701e-01,2.218566087225e-02
647,25880,2.218566086849e-02,7.141620622827e-01,5.555867509833e-01,2.218566086849e-02
648,25920,2.218566088303e-02,7.472465290421e-01,5.873726621334e-01,2.218566086849e-02
649,25960,2.218566089674e-02,6.920080990878e-01,5.464815444014e-01,2.218566086849e-02
650,26000,2.218566087999e-02,8.011323516146e-01,6.088097663831e-01,2.218566086849e-02
651,26040,2.218566086354e-02,7.203192182882e-01,5.470972296787e-01,2.218566086354e-02
652,26080,2.218566087244e-02,7.595871601404e-01,5.908280536186e-01,2.218566086354e-02
653,26120,2.218566088238e-02,9.109240156551e-01,7.723767257466e-01,2.218566086354e-02
654,26160,2.218566086949e-02,9.310389766540e-01,1.194048040555e+00,2.218566086354e-02
655,26200,2.218566087209e-02,7.361504255184e-01,6.696870927787e-01,2.218566086354e-02
656,26240,2.218566086693e-02,8.384375633337e-01,1.023000245762e+00,2.218566086354e-02
657,26280,2.218566086328e-02,7.759569191022e-01,7.143547175307e-01,2.218566086328e-02
658,26320,2.218566086571e-02,1.071421421652e+00,1.775865034713e+00,2.218566086328e-02
659,26360,2.218566087060e-02,8.178798924238e-01,6.389447337092e-01,2.218566086328e-02
660,26400,2.218566086132e-02,8.210019599939e-01,6.787274342554e-01,2.218566086132e-02
661,26440,2.218566086068e-02,7.847722669496e-01,6.938375065127e-01,2.218566086068e-02
662,26480,2.218566086715e-02,8.118050013610e-01,6.748834777077e-01,2.218566086068e-02
663,26520,2.218566086198e-02,8.371852902904e-01,7.370113719412e-01,2.218566086068e-02
664,26560,2.218566086097e-02,8.054345752977e-01,7.280461683694e-01,2.218566086068e-02
665,26600,2.218566085959e-02,9.078545219546e-01,1.277795577098e+00,2.218566085959e-02
666,26640,2.218566085951e-02,7.554987690479e-01,6.468192683493e-01,2.218566085951e-02
667,26680,2.218566085863e-02,9.074216511735e-01,9.614385438898e-01,2.218566085863e-02
668,26720,2.218566085860e-02,7.554193583908e-01,5.759490492577e-01,2.218566085860e-02
669,26760,2.218566085886e-02,8.051711068235e-01,6.589581053878e-01,2.218566085860e-02
670,26800,2.218566085961e-02,7.089235710036e-01,5.545925259277e-01,2.218566085860e-02
671,26840,2.218566085853e-02,7.469065556984e-01,6.131636553609e-01,2.218566085853e-02
672,26880,2.218566085954e-02,7.504420169184e-01,6.064669027881e-01,2.218566085853e-02
673,26920,2.218566085874e-02,7.480988324884e-01,6.252320862625e-01,2.218566085853e-02
674,26960,2.218566085846e-02,7.403694682802e-01,5.919940927498e-01,2.218566085846e-02
675,27000,2.218566085851e-02,7.563151436787e-01,5.927366287113e-01,2.218566085846e-02
676,27040,2.218566085830e-02,6.893328291763e-01,5.654669985445e-01,2.218566085830e-02
677,27080,2.218566085840e-02,6.889173962551e-01,5.454586715960e-01,2.218566085830e-02
678,27120,2.218566085792e-02,7.341627927843e-01,6.200231806127e-01,2.218566085792e-02
679,27160,2.218566085842e-02,6.758443647096e-01,5.545659796094e-01,2.218566085792e-02
680,27200,2.218566085800e-02,7.638558112813e-01,5.748236832817e-01,2.218566085792e-02
681,27240,2.218566085770e-02,7.986871588706e-01,6.398771696794e-01,2.218566085770e-02
682,27280,2.218566085762e-02,7.568015189364e-01,5.621038362320e-01,2.218566085762e-02
683,27320,2.218566085761e-02,6.662104271383e-01,5.778662367810e-01,2.218566085761e-02
684,27360,2.218566085757e-02,7.546373451212e-01,5.939459498445e-01,2.218566085757e-02
685,27400,2.218566085765e-02,7.753316930980e-01,6.214506589652e-01,2.218566085757e-02
686,27440,2.218566085752e-02,8.328972402205e-01,8.926951461625e-01,2.218566085752e-02
687,27480,2.218566085747e-02,7.341605793658e-01,5.945841534889e-01,2.218566085747e-02
688,27520,2.218566085745e-02,7.094446016541e-01,6.388352477072e-01,2.218566085745e-02
689,27560,2.218566085737e-02,7.584169575803e-01,7.191053357770e-01,2.218566085737e-02
690,27600,2.218566085737e-02,7.278482050773e-01,6.207772368500e-01,2.218566085737e-02
691,27640,2.218566085733e-02,7.845069255070e-01,6.993352227168e-01,2.218566085733e-02
692,27680,2.218566085732e-02,7.396676611731e-01,7.257491697986e-01,2.218566085732e-02
693,27720,2.218566085731e-02,8.477426899252e-01,9.443953607345e-01,2.218566085731e-02
694,27760,2.218566085728e-02,7.789830728144e-01,7.906851769686e-01,2.218566085728e-02
695,27800,2.218566085732e-02,7.821527699741e-01,6.590259533647e-01,2.218566085728e-02
696,27840,2.218566085728e-02,7.718203119370e-01,7.102778771776e-01,2.218566085728e-02
697,27880,2.218566085731e-02,8.337869569824e-01,9.442105418934e-01,2.218566085728e-02
698,27920,2.218566085727e-02,6.937582383236e-01,5.561834854568e-01,2.218566085727e-02
699,27960,2.218566085734e-02,7.846094464443e-01,6.152279354135e-01,2.218566085727e-02
700,28000,2.218566085727e-02,8.092204589126e-01,7.345476894036e-01,2.218566085727e-02
701,28040,2.218566085728e-02,7.456807303901e-01,6.199570488025e-01,2.218566085727e-02
702,28080,2.218566085731e-02,7.266160284197e-01,6.831354376070e-01,2.218566085727e-02
703,28120,2.218566085727e-02,9.134016102211e-01,1.181685194974e+00,2.218566085727e-02
704,28160,2.218566085729e-02,7.051896167160e-01,5.547359617313e-01,2.218566085727e-02
705,28200,2.218566085727e-02,8.530003436867e-01,8.725947532866e-01,2.218566085727e-02
706,28240,2.218566085728e-02,7.289659822221e-01,6.987441937566e-01,2.218566085727e-02
707,28280,2.218566085728e-02,8.389781610914e-01,9.058587909223e-01,2.218566085727e-02
708,28320,2.218566085727e-02,7.662995762470e-01,6.757604293727e-01,2.218566085727e-02
709,28360,2.218566085727e-02,8.038887655189e-01,7.598830124432e-01,2.218566085727e-02
710,28400,2.218566085727e-02,8.464275176140e-01,1.320071139606e+00,2.218566085727e-02
711,28440,2.218566085727e-02,7.638518527332e-01,9.675654157082e-01,2.218566085727e-02
712,28480,2.218566085727e-02,7.243134809453e-01,5.984606834182e-01,2.218566085727e-02
713,28520,2.218566085726e-02,8.060967497189e-01,7.750006143199e-01,2.218566085726e-02
714,28560,2.218566085726e-02,6.600749882911e-01,5.600529051113e-01,2.218566085726e-02
715,28600,2.218566085726e-02,7.830760860203e-01,6.659722601785e-01,2.218566085726e-02
716,28640,2.218566085726e-02,7.515338055185e-01,5.659984952706e-01,2.218566085726e-02
717,28680,2.218566085726e-02,7.957846256883e-01,6.250027834851e-01,2.218566085726e-02
718,28720,2.218566085726e-02,8.084797976803e-01,6.328481018024e-01,2.218566085726e-02
719,28760,2.218566085726e-02,6.754099882489e-01,5.604352414462e-01,2.218566085726e-02
720,28800,2.218566085726e-02,7.413898718571e-01,5.885279343134e-01,2.218566085726e-02
721,28840,2.218566085726e-02,7.074210478122e-01,5.368373338288e-01,2.218566085726e-02
722,28880,2.218566085726e-02,7.589275257553e-01,5.744423101471e-01,2.218566085726e-02
723,28920,2.218566085726e-02,7.547189617892e-01,5.897587661306e-01,2.218566085726e-02
724,28960,2.218566085726e-02,7.054650757638e-01,5.521710581572e-01,2.218566085726e-02
725,29000,2.218566085726e-02,7.187994092454e-01,6.034590375464e-01,2.218566085726e-02
726,29040,2.218566085726e-02,7.477062216002e-01,6.103749982069e-01,2.218566085726e-02
727,29080,2.218566085726e-02,7.983518305142e-01,6.289566320847e-01,2.218566085726e-02
728,29120,2.218566085726e-02,8.051973839050e-01,6.481310604001e-01,2.218566085726e-02
729,29160,2.218566085726e-02,7.323274161777e-01,6.397634059083e-01,2.218566085726e-02
730,29200,2.218566085726e-02,7.668084904287e-01,6.349579655216e-01,2.218566085726e-02
731,29240,2.218566085726e-02,7.210313114512e-01,5.763878383714e-01,2.218566085726e-02
732,29280,2.218566085726e-02,7.373701707568e-01,5.909801954746e-01,2.218566085726e-02
733,29320,2.218566085726e-02,7.395215933316e-01,6.124858580317e-01,2.218566085726e-02
734,29360,2.218566085726e-02,7.360992989877e-01,6.129683822183e-01,2.218566085726e-02
735,29400,2.218566085726e-02,6.905644728761e-01,5.388171301460e-01,2.218566085726e-02
736,29440,2.218566085726e-02,7.770034298457e-01,5.898760626109e-01,2.218566085726e-02
737,29480,2.218566085726e-02,8.107088827395e-01,6.638198196258e-01,2.218566085726e-02
738,29520,2.218566085726e-02,7.804119507308e-01,6.078107073610e-01,2.218566085726e-02
739,29560,2.218566085726e-02,8.318510316519e-01,7.290055182673e-01,2.218566085726e-02
740,29600,2.218566085726e-02,7.362357186048e-01,5.957205808427e-01,2.218566085726e-02
741,29640,2.218566085726e-02,7.503882861445e-01,6.671729894418e-01,2.218566085726e-02
742,29680,2.218566085726e-02,6.946004800970e-01,5.896945992319e-01,2.218566085726e-02
743,29720,2.218566085726e-02,7.668568457123e-01,6.351790565898e-01,2.218566085726e-02
744,29760,2.218566085726e-02,7.735900566053e-01,6.027416732594e-01,2.218566085726e-02
745,29800,2.218566085726e-02,6.736417540270e-01,5.432778521465e-01,2.218566085726e-02
746,29840,2.218566085726e-02,8.388137730133e-01,7.153075672366e-01,2.218566085726e-02
747,29880,2.218566085726e-02,7.384246264399e-01,5.874438962368e-01,2.218566085726e-02
748,29920,2.218566085726e-02,8.376730595400e-01,8.601855619776e-01,2.218566085726e-02
749,29960,2.218566085726e-02,7.924071223002e-01,6.965745650181e-01,2.218566085726e-02
750,30000,2.218566085726e-02,7.539839861819e-01,5.906682910828e-01,2.218566085726e-02
751,30040,2.218566085726e-02,6.949774302730e-01,5.494942279196e-01,2.218566085726e-02
752,30080,2.218566085726e-02,7.958699726314e-01,6.196472891558e-01,2.218566085726e-02
753,30120,2.218566085726e-02,7.057060395703e-01,5.606986527270e-01,2.218566085726e-02
754,30160,2.218566085726e-02,7.702825689665e-01,6.142537313270e-01,2.218566085726e-02
755,30200,2.218566085726e-02,7.204316086981e-01,5.709624834992e-01,2.218566085726e-02
756,30240,2.218566085726e-02,7.130510911196e-01,5.856301750246e-01,2.218566085726e-02
757,30280,2.218566085726e-02,7.062363520443e-01,5.234407360293e-01,2.218566085726e-02
758,30320,2.218566085726e-02,7.165820844463e-01,5.926556309581e-01,2.218566085726e-02
759,30360,2.218566085726e-02,7.757211840317e-01,6.174721891695e-01,2.218566085726e-02
760,30400,2.218566085726e-02,7.512353888515e-01,5.716128812902e-01,2.218566085726e-02
761,30440,2.218566085726e-02,7.277763157644e-01,5.774382956441e-01,2.218566085726e-02
762,30480,2.218566085726e-02,6.293414327749e-01,5.322947195487e-01,2.218566085726e-02
763,30520,2.218566085726e-02,6.600791517501e-01,5.481536813591e-01,2.218566085726e-02
764,30560,2.218566085726e-02,7.712562830409e-01,6.193491000022e-01,2.218566085726e-02
765,30600,2.218566085726e-02,7.316416130242e-01,5.973773682941e-01,2.218566085726e-02
766,30640,2.218566085726e-02,7.024705396245e-01,5.828008968170e-01,2.218566085726e-02
767,30680,2.218566085726e-02,7.713530351700e-01,5.825200168921e-01,2.218566085726e-02
768,30720,2.218566085726e-02,7.379941819046e-01,6.269365190015e-01,2.218566085726e-02
769,30760,2.218566085726e-02,7.826624540903e-01,6.928523933560e-01,2.218566085726e-02
770,30800,2.218566085726e-02,7.781587871237e-01,6.641645724029e-01,2.218566085726e-02
771,30840,2.218566085726e-02,7.883841075541e-01,7.162090147442e-01,2.218566085726e-02
772,30880,2.218566085726e-02,7.358483266306e-01,6.001121613256e-01,2.218566085726e-02
773,30920,2.218566085726e-02,8.083241883305e-01,6.287220236479e-01,2.218566085726e-02
774,30960,2.218566085726e-02,7.827428371326e-01,6.716542786655e-01,2.218566085726e-02
775,31000,2.218566085726e-02,6.804171832683e-01,5.216445589512e-01,2.218566085726e-02
776,31040,2.218566085726e-02,7.562486032779e-01,6.432085802078e-01,2.218566085726e-02
777,31080,2.218566085726e-02,7.143467369385e-01,5.768805660413e-01,2.218566085726e-02
778,31120,2.218566085726e-02,6.866606798294e-01,5.798093643393e-01,2.218566085726e-02
779,31160,2.218566085726e-02,7.120707017342e-01,5.657795937886e-01,2.218566085726e-02
780,31200,2.218566085726e-02,6.861391737969e-01,5.657385476871e-01,2.218566085726e-02
781,31240,2.218566085726e-02,6.846993408463e-01,5.669619486026e-01,2.218566085726e-02
782,31280,2.218566085726e-02,6.814096060825e-01,5.443586129043e-01,2.218566085726e-02
783,31320,2.218566085726e-02,6.981889381625e-01,5.514217785087e-01,2.218566085726e-02
784,31360,2.218566085726e-02,7.639522198183e-01,5.863233360936e-01,2.218566085726e-02
785,31400,2.218566085726e-02,7.725395517323e-01,6.117110553830e-01,2.218566085726e-02
786,31440,2.218566085726e-02,7.547957608154e-01,5.899393349773e-01,2.218566085726e-02
787,31480,2.218566085726e-02,7.764557861451e-01,6.202115662800e-01,2.218566085726e-02
788,31520,2.218566085726e-02,6.309935700014e-01,5.400515318035e-01,2.218566085726e-02
789,31560,2.218566085726e-02,7.348369557839e-01,5.849337103208e-01,2.218566085726e-02
790,31600,2.218566085726e-02,7.573855665170e-01,6.026572999307e-01,2.218566085726e-02
791,31640,2.218566085726e-02,6.720532902099e-01,5.505179675951e-01,2.218566085726e-02
792,31680,2.218566085726e-02,7.744617861706e-01,6.255430703475e-01,2.218566085726e-02
793,31720,2.218566085726e-02,6.766146746935e-01,5.254992694650e-01,2.218566085726e-02
794,31760,2.218566085726e-02,7.401521429771e-01,5.834732802429e-01,2.218566085726e-02
795,31800,2.218566085726e-02,8.113174522895e-01,6.687486378752e-01,2.218566085726e-02
796,31840,2.218566085726e-02,8.009695636785e-01,6.134800819973e-01,2.218566085726e-02
797,31880,2.218566085726e-02,6.435081433536e-01,5.581916336134e-01,2.218566085726e-02
798,31920,2.218566085726e-02,6.785447070228e-01,5.152952675613e-01,2.218566085726e-02
799,31960,2.218566085726e-02,7.547230077412e-01,5.842423019486e-01,2.218566085726e-02
800,32000,2.218566085726e-02,7.266221261235e-01,5.873371539936e-01,2.218566085726e-02
801,32040,2.218566085726e-02,7.625920209043e-01,6.346898268026e-01,2.218566085726e-02
802,32080,2.218566085726e-02,7.444438412322e-01,6.375957490696e-01,2.218566085726e-02
803,32120,2.218566085726e-02,7.325111492543e-01,5.880198878001e-01,2.218566085726e-02
804,32160,2.218566085726e-02,6.888436160128e-01,6.211600640026e-01,2.218566085726e-02
805,32200,2.218566085726e-02,7.390498109985e-01,6.043465649103e-01,2.218566085726e-02
806,32240,2.218566085726e-02,7.183292815659e-01,6.216657499374e-01,2.218566085726e-02
807,32280,2.218566085726e-02,7.159679891068e-01,5.633124027680e-01,2.218566085726e-02
808,32320,2.218566085726e-02,7.864100276827e-01,6.134015513527e-01,2.218566085726e-02
809,32360,2.218566085726e-02,7.638341948387e-01,6.056340475506e-01,2.218566085726e-02
810,32400,2.218566085726e-02,7.374097288610e-01,6.119429940784e-01,2.218566085726e-02
811,32440,2.218566085726e-02,7.771194338489e-01,6.221312739209e-01,2.218566085726e-02
812,32480,2.218566085726e-02,6.733179760136e-01,5.710640477121e-01,2.218566085726e-02
813,32520,2.218566085726e-02,7.637723948976e-01,5.969505175339e-01,2.218566085726e-02
814,32560,2.218566085726e-02,7.434250212645e-01,5.668015369035e-01,2.218566085726e-02
815,32600,2.218566085726e-02,7.270330168902e-01,5.724511370374e-01,2.218566085726e-02
816,32640,2.218566085726e-02,7.534389416101e-01,6.158530420545e-01,2.218566085726e-02
817,32680,2.218566085726e-02,6.971597116776e-01,5.614959315450e-01,2.218566085726e-02
818,32720,2.218566085726e-02,7.876668464618e-01,6.036131363205e-01,2.218566085726e-02
819,32760,2.218566085726e-02,7.471738031754e-01,5.895506138827e-01,2.218566085726e-02
820,32800,2.218566085726e-02,6.736966429804e-01,5.403189855726e-01,2.218566085726e-02
821,32840,2.218566085726e-02,7.266947498080e-01,5.672865157736e-01,2.218566085726e-02
822,32880,2.218566085726e-02,7.087022394649e-01,6.072768974559e-01,2.218566085726e-02
823,32920,2.218566085726e-02,7.367068554059e-01,6.064776151007e-01,2.218566085726e-02
824,32960,2.218566085726e-02,8.518433969262e-01,7.000176079352e-01,2.218566085726e-02
825,33000,2.218566085726e-02,6.634006580606e-01,5.312676084491e-01,2.218566085726e-02
826,33040,2.218566085726e-02,7.392818973131e-01,6.200848165780e-01,2.218566085726e-02
827,33080,2.218566085726e-02,6.779208854525e-01,5.542900989582e-01,2.218566085726e-02
828,33120,2.218566085726e-02,6.972217352911e-01,5.614804303459e-01,2.218566085726e-02
829,33160,2.218566085726e-02,6.181806421234e-01,5.008477693164e-01,2.218566085726e-02
830,33200,2.218566085726e-02,7.680288069373e-01,6.138396617998e-01,2.218566085726e-02
831,33240,2.218566085726e-02,8.640588211953e-01,6.709821033063e-01,2.218566085726e-02
832,33280,2.218566085726e-02,7.620190314669e-01,5.939482727118e-01,2.218566085726e-02
833,33320,2.218566085726e-02,7.386785635117e-01,5.856831768697e-01,2.218566085726e-02
834,33360,2.218566085726e-02,7.990083585664e-01,6.258625203922e-01,2.218566085726e-02
835,33400,2.218566085726e-02,6.698977010936e-01,5.326572704796e-01,2.218566085726e-02
836,33440,2.218566085726e-02,7.305434012621e-01,5.666980600836e-01,2.218566085726e-02
837,33480,2.218566085726e-02,6.828000089263e-01,5.710498848692e-01,2.218566085726e-02
838,33520,2.218566085726e-02,7.238730252396e-01,6.203481708177e-01,2.218566085726e-02
839,33560,2.218566085726e-02,7.174714964021e-01,6.073723898948e-01,2.218566085726e-02
840,33600,2.218566085726e-02,7.028788866675e-01,5.646548558661e-01,2.218566085726e-02
841,33640,2.218566085726e-02,6.978960972076e-01,5.730993201712e-01,2.218566085726e-02
842,33680,2.218566085726e-02,7.301495135557e-01,6.241378629594e-01,2.218566085726e-02
843,33720,2.218566085726e-02,6.924995829117e-01,5.675699184873e-01,2.218566085726e-02
844,33760,2.218566085726e-02,7.453624873209e-01,5.780813628205e-01,2.218566085726e-02
845,33800,2.218566085726e-02,7.228146571999e-01,5.674458645057e-01,2.218566085726e-02
846,33840,2.218566085726e-02,7.363505972088e-01,5.736765056162e-01,2.218566085726e-02
847,33880,2.218566085726e-02,7.824412860586e-01,6.544113398369e-01,2.218566085726e-02
848,33920,2.218566085726e-02,7.479834845916e-01,6.417108331052e-01,2.218566085726e-02
849,33960,2.218566085726e-02,7.305050033446e-01,5.952138654105e-01,2.218566085726e-02
850,34000,2.218566085726e-02,7.418442072710e-01,5.851169892632e-01,2.218566085726e-02
851,34040,2.218566085726e-02,7.417001930745e-01,5.642148740178e-01,2.218566085726e-02
852,34080,2.218566085726e-02,7.762560202776e-01,6.105171069941e-01,2.218566085726e-02
853,34120,2.218566085726e-02,7.707307854996e-01,6.016025497753e-01,2.218566085726e-02
854,34160,2.218566085726e-02,7.711885388125e-01,6.488805827755e-01,2.218566085726e-02
855,34200,2.218566085726e-02,7.065608547153e-01,5.649567901699e-01,2.218566085726e-02
856,34240,2.218566085726e-02,7.253611053156e-01,5.610135285158e-01,2.218566085726e-02
857,34280,2.218566085726e-02,7.336282524890e-01,6.094202530537e-01,2.218566085726e-02
858,34320,2.218566085726e-02,7.592610114957e-01,6.056458390515e-01,2.218566085726e-02
859,34360,2.218566085726e-02,7.108839418367e-01,5.486483535437e-01,2.218566085726e-02
860,34400,2.218566085726e-02,7.745169414501e-01,6.321573645825e-01,2.218566085726e-02
861,34440,2.218566085726e-02,7.911392779736e-01,5.985126046752e-01,2.218566085726e-02
862,34480,2.218566085726e-02,8.246560230725e-01,6.714377217313e-01,2.218566085726e-02
863,34520,2.218566085726e-02,7.468831635000e-01,6.097150114102e-01,2.218566085726e-02
864,34560,2.218566085726e-02,8.320901233724e-01,6.937553886797e-01,2.218566085726e-02
865,34600,2.218566085726e-02,7.178134461693e-01,5.685300823564e-01,2.218566085726e-02
866,34640,2.218566085726e-02,8.116272932376e-01,6.398801078458e-01,2.218566085726e-02
867,34680,2.218566085726e-02,7.830526344311e-01,7.218037526937e-01,2.218566085726e-02
868,34720,2.218566085726e-02,9.032993715942e-01,1.099171520055e+00,2.218566085726e-02
869,34760,2.218566085726e-02,7.500053216374e-01,7.173904332099e-01,2.218566085726e-02
870,34800,2.218566085726e-02,9.764372861069e-01,1.369094635593e+00,2.218566085726e-02
871,34840,2.218566085726e-02,6.886078070840e-01,5.387846960676e-01,2.218566085726e-02
872,34880,2.218566085726e-02,7.634041967041e-01,8.396563556183e-01,2.218566085726e-02
873,34920,2.218566085726e-02,8.748711691839e-01,7.819447110370e-01,2.218566085726e-02
874,34960,2.218566085726e-02,8.753465628157e-01,1.003204738251e+00,2.218566085726e-02
875,35000,2.218566085726e-02,9.348162675002e-01,1.468623445766e+00,2.218566085726e-02
876,35040,2.218566085726e-02,6.954649477003e-01,6.119946076575e-01,2.218566085726e-02
877,35080,2.218566085726e-02,8.586970782329e-01,1.071278617814e+00,2.218566085726e-02
878,35120,2.218566085726e-02,6.831758341852e-01,5.710335630041e-01,2.218566085726e-02
879,35160,2.218566085726e-02,8.391799669917e-01,8.013236188292e-01,2.218566085726e-02
880,35200,2.218566085726e-02,7.675301863674e-01,6.193268612590e-01,2.218566085726e-02
881,35240,2.218566085726e-02,8.454991058615e-01,7.075273120214e-01,2.218566085726e-02
882,35280,2.218566085726e-02,7.868503894689e-01,7.721288940719e-01,2.218566085726e-02
883,35320,2.218566085726e-02,8.128661421209e-01,7.036598521060e-01,2.218566085726e-02
884,35360,2.218566085726e-02,7.728366845638e-01,5.899177849500e-01,2.218566085726e-02
885,35400,2.218566085726e-02,6.779159039049e-01,5.444774335059e-01,2.218566085726e-02
886,35440,2.218566085726e-02,7.610881539650e-01,5.893916119161e-01,2.218566085726e-02
887,35480,2.218566085726e-02,8.049342601702e-01,6.589838252486e-01,2.218566085726e-02
888,35520,2.218566085726e-02,7.208338909884e-01,6.086204509583e-01,2.218566085726e-02
889,35560,2.218566085726e-02,7.413143288383e-01,5.694075176311e-01,2.218566085726e-02
890,35600,2.218566085726e-02,7.679759689080e-01,6.073420480836e-01,2.218566085726e-02
891,35640,2.218566085726e-02,7.184915339376e-01,6.343253305939e-01,2.218566085726e-02
892,35680,2.218566085726e-02,8.209449685858e-01,7.153407435938e-01,2.218566085726e-02
893,35720,2.218566085726e-02,7.426965292521e-01,6.080490436774e-01,2.218566085726e-02
894,35760,2.218566085726e-02,8.065697202848e-01,7.009835157832e-01,2.218566085726e-02
895,35800,2.218566085726e-02,7.490516675484e-01,6.469511534656e-01,2.218566085726e-02
896,35840,2.218566085726e-02,7.808715420980e-01,6.559504037667e-01,2.218566085726e-02
897,35880,2.218566085726e-02,8.319615378214e-01,7.199921691616e-01,2.218566085726e-02
898,35920,2.218566085726e-02,8.075450856350e-01,6.454416517736e-01,2.218566085726e-02
899,35960,2.218566085726e-02,8.193475146279e-01,6.889348232099e-01,2.218566085726e-02
900,36000,2.218566085726e-02,7.586908388933e-01,6.342756700575e-01,2.218566085726e-02
901,36040,2.218566085726e-02,7.555663121742e-01,5.975038122291e-01,2.218566085726e-02
902,36080,2.218566085726e-02,7.335916865794e-01,5.794193758968e-01,2.218566085726e-02
903,36120,2.218566085726e-02,8.235124056777e-01,6.306416383943e-01,2.218566085726e-02
904,36160,2.218566085726e-02,7.352031995136e-01,5.797363460413e-01,2.218566085726e-02
905,36200,2.218566085726e-02,6.983449542478e-01,6.118055941163e-01,2.218566085726e-02
906,36240,2.218566085726e-02,7.487348421718e-01,5.765409938984e-01,2.218566085726e-02
907,36280,2.218566085726e-02,7.573577761292e-01,6.100959543778e-01,2.218566085726e-02
908,36320,2.218566085726e-02,7.750088466787e-01,6.598393326909e-01,2.218566085726e-02
909,36360,2.218566085726e-02,7.879300726936e-01,6.471597498337e-01,2.218566085726e-02
910,36400,2.218566085726e-02,7.644679391530e-01,6.201147488690e-01,2.218566085726e-02
911,36440,2.218566085726e-02,7.081524162346e-01,5.851635651476e-01,2.218566085726e-02
912,36480,2.218566085726e-02,7.952810114701e-01,6.461357609125e-01,2.218566085726e-02
913,36520,2.218566085726e-02,8.585457288313e-01,7.773127553747e-01,2.218566085726e-02
914,36560,2.218566085726e-02,7.847644740492e-01,6.274802167462e-01,2.218566085726e-02
915,36600,2.218566085726e-02,7.988939574284e-01,6.474634259731e-01,2.218566085726e-02
916,36640,2.218566085726e-02,7.601368174853e-01,6.654257960490e-01,2.218566085726e-02
917,36680,2.218566085726e-02,7.009662170421e-01,5.429628237069e-01,2.218566085726e-02
918,36720,2.218566085726e-02,7.779829746103e-01,6.635842246600e-01,2.218566085726e-02
919,36760,2.218566085726e-02,6.937739591707e-01,6.022190462534e-01,2.218566085726e-02
920,36800,2.218566085726e-02,8.116700057467e-01,6.577699418980e-01,2.218566085726e-02
921,36840,2.218566085726e-02,7.732197426220e-01,6.287603153991e-01,2.218566085726e-02
922,36880,2.218566085726e-02,7.661282447622e-01,6.096633763843e-01,2.218566085726e-02
923,36920,2.218566085726e-02,7.173626848937e-01,5.564105287574e-01,2.218566085726e-02
924,36960,2.218566085726e-02,6.901538422120e-01,5.694914766014e-01,2.218566085726e-02
925,37000,2.218566085726e-02,6.898033283766e-01,5.599437804272e-01,2.218566085726e-02
926,37040,2.218566085726e-02,7.336551749609e-01,5.966633886217e-01,2.218566085726e-02
927,37080,2.218566085726e-02,7.792700423758e-01,6.075002967398e-01,2.218566085726e-02
928,37120,2.218566085726e-02,7.054481258782e-01,5.727361753775e-01,2.218566085726e-02
929,37160,2.218566085726e-02,7.353771582357e-01,6.099691707121e-01,2.218566085726e-02
930,37200,2.218566085726e-02,7.674898087485e-01,5.963294449339e-01,2.218566085726e-02
931,37240,2.218566085726e-02,7.993420947433e-01,6.414755307848e-01,2.218566085726e-02
932,37280,2.218566085726e-02,7.702526804407e-01,6.322140082480e-01,2.218566085726e-02
933,37320,2.218566085726e-02,6.999766193391e-01,5.645021747945e-01,2.218566085726e-02
934,37360,2.218566085726e-02,7.239748637496e-01,5.641140510192e-01,2.218566085726e-02
935,37400,2.218566085726e-02,7.817772753721e-01,6.291673617206e-01,2.218566085726e-02
936,37440,2.218566085726e-02,7.992721414987e-01,6.443753265128e-01,2.218566085726e-02
937,37480,2.218566085726e-02,8.280025695268e-01,7.075565283240e-01,2.218566085726e-02
938,37520,2.218566085726e-02,7.962744705778e-01,6.514778925189e-01,2.218566085726e-02
939,37560,2.218566085726e-02,8.109251520599e-01,7.212822332126e-01,2.218566085726e-02
940,37600,2.218566085726e-02,7.209748449083e-01,5.930923969688e-01,2.218566085726e-02
941,37640,2.218566085726e-02,7.436417652889e-01,6.559260770588e-01,2.218566085726e-02
942,37680,2.218566085726e-02,7.089964915425e-01,5.875458335039e-01,2.218566085726e-02
943,37720,2.218566085726e-02,7.380830154352e-01,5.979195145466e-01,2.218566085726e-02
944,37760,2.218566085726e-02,8.367281912375e-01,6.633635486685e-01,2.218566085726e-02
945,37800,2.218566085726e-02,6.694278319163e-01,5.947300872500e-01,2.218566085726e-02
946,37840,2.218566085726e-02,7.094013469047e-01,5.628893431530e-01,2.218566085726e-02
947,37880,2.218566085726e-02,7.548021400040e-01,6.321613005062e-01,2.218566085726e-02
948,37920,2.218566085726e-02,6.943714962713e-01,5.708543824081e-01,2.218566085726e-02
949,37960,2.218566085726e-02,7.301405387019e-01,5.897960845634e-01,2.218566085726e-02
950,38000,2.218566085726e-02,8.025179538434e-01,6.361285984731e-01,2.218566085726e-02
951,38040,2.218566085726e-02,7.562329862738e-01,6.057222069026e-01,2.218566085726e-02
952,38080,2.218566085726e-02,8.451838670833e-01,7.029779720121e-01,2.218566085726e-02
953,38120,2.218566085726e-02,6.914619141311e-01,5.892586094994e-01,2.218566085726e-02
954,38160,2.218566085726e-02,6.655751510400e-01,5.329027184415e-01,2.218566085726e-02
955,38200,2.218566085726e-02,8.000293447193e-01,6.231389809226e-01,2.218566085726e-02
956,38240,2.218566085726e-02,8.364049205790e-01,6.988010463144e-01,2.218566085726e-02
957,38280,2.218566085726e-02,6.843050953738e-01,5.782426171285e-01,2.218566085726e-02
958,38320,2.218566085726e-02,7.640243671182e-01,6.112971169218e-01,2.218566085726e-02
959,38360,2.218566085726e-02,8.666501793896e-01,7.416100420984e-01,2.218566085726e-02
960,38400,2.218566085726e-02,6.773443339150e-01,5.738711114120e-01,2.218566085726e-02
961,38440,2.218566085726e-02,6.868129526177e-01,6.062580341150e-01,2.218566085726e-02
962,38480,2.218566085726e-02,8.117810372667e-01,7.284104201106e-01,2.218566085726e-02
963,38520,2.218566085726e-02,7.308698635821e-01,5.856543877853e-01,2.218566085726e-02
964,38560,2.218566085726e-02,7.301683598133e-01,6.049590969050e-01,2.218566085726e-02
965,38600,2.218566085726e-02,7.121920817250e-01,5.933009997936e-01,2.218566085726e-02
966,38640,2.218566085726e-02,8.659065970966e-01,7.929287369149e-01,2.218566085726e-02
967,38680,2.218566085726e-02,7.494606387044e-01,6.178257754451e-01,2.218566085726e-02
968,38720,2.218566085726e-02,7.638773410287e-01,6.376517141198e-01,2.218566085726e-02
969,38760,2.218566085726e-02,7.555892686608e-01,6.147914468956e-01,2.218566085726e-02
970,38800,2.218566085726e-02,6.876325152456e-01,5.596092139227e-01,2.218566085726e-02
971,38840,2.218566085726e-02,7.715900657742e-01,6.057783469366e-01,2.218566085726e-02
972,38880,2.218566085726e-02,7.731167569650e-01,6.354198411128e-01,2.218566085726e-02
973,38920,2.218566085726e-02,7.550664706242e-01,6.422512977935e-01,2.218566085726e-02
974,38960,2.218566085726e-02,7.685654116756e-01,6.018082775101e-01,2.218566085726e-02
975,39000,2.218566085726e-02,7.167676515970e-01,6.079350243941e-01,2.218566085726e-02
976,39040,2.218566085726e-02,7.982970916240e-01,6.142800243597e-01,2.218566085726e-02
977,39080,2.218566085726e-02,7.087115041728e-01,5.689134600926e-01,2.218566085726e-02
978,39120,2.218566085726e-02,7.952257140812e-01,6.324410800214e-01,2.218566085726e-02
979,39160,2.218566085726e-02,7.073635625685e-01,5.570263658469e-01,2.218566085726e-02
980,39200,2.218566085726e-02,7.418622244292e-01,6.142885716992e-01,2.218566085726e-02
981,39240,2.218566085726e-02,7.480180735022e-01,7.362849679817e-01,2.218566085726e-02
982,39280,2.218566085726e-02,8.699585065290e-01,7.723903778938e-01,2.218566085726e-02
983,39320,2.218566085726e-02,6.978812642855e-01,5.962659223275e-01,2.218566085726e-02
984,39360,2.218566085726e-02,8.205356534766e-01,6.718981705769e-01,2.218566085726e-02
985,39400,2.218566085726e-02,7.983295957068e-01,6.706009866126e-01,2.218566085726e-02
986,39440,2.218566085726e-02,8.283722673972e-01,7.558500516187e-01,2.218566085726e-02
987,39480,2.218566085726e-02,7.514673551263e-01,5.796753335449e-01,2.218566085726e-02
