iter,evals,f_best,f_mean,f_std,gbest_f,x_best
1,40,4.216758264594e+01,1.479803028214e+02,5.679132199605e+01,4.216758264594e+01,"[-26.54727117150503, -99.73275768613797, -320.91607136535157, -158.98582786184636, -160.3290602085031]"
2,80,1.518909573878e+01,6.252708523582e+01,2.892314404968e+01,1.518909573878e+01,"[-37.91644585143399, -92.02387751188525, -161.71667222257338, 123.63900516187962, -78.33801599929097]"
3,120,4.601745141506e+00,2.793209818433e+01,1.616061424487e+01,4.601745141506e+00,"[25.545434102337822, -4.607073792279834, -106.03447037203588, -48.70354278972607, 10.290889362532255]"
4,160,5.201627502206e+00,3.025027613715e+01,1.301619992175e+01,4.601745141506e+00,"[25.545434102337822, -4.607073792279834, -106.03447037203588, -48.70354278972607, 10.290889362532255]"
5,200,2.091764411879e+00,1.619746280780e+01,9.269593811573e+00,2.091764411879e+00,"[-0.7315628443401394, 12.876719314589863, -32.99155771364413, 17.68976901971974, 37.164096251734115]"
6,240,1.925194210021e+00,1.535595396185e+01,8.223081812927e+00,1.925194210021e+00,"[-25.25663359763749, -5.169125747033057, -44.00109045238647, 55.27105528596124, 12.57443421371866]"
7,280,2.539183645284e+00,1.268746473082e+01,8.153862745075e+00,1.925194210021e+00,"[-25.25663359763749, -5.169125747033057, -44.00109045238647, 55.27105528596124, 12.57443421371866]"
8,320,2.292650952038e+00,1.143856129178e+01,7.412181664316e+00,1.925194210021e+00,"[-25.25663359763749, -5.169125747033057, -44.00109045238647, 55.27105528596124, 12.57443421371866]"
9,360,2.390885469941e+00,1.121937835798e+01,7.530189209908e+00,1.925194210021e+00,"[-25.25663359763749, -5.169125747033057, -44.00109045238647, 55.27105528596124, 12.57443421371866]"
10,400,1.713879594087e+00,1.056682502624e+01,5.983081573601e+00,1.713879594087e+00,"[-24.172837738491694, -25.18274951924171, 26.284123620071952, -0.636789964174298, 0.03381051087441023]"
11,440,1.750336808152e+00,7.379974691736e+00,5.690226164573e+00,1.713879594087e+00,"[-24.172837738491694, -25.18274951924171, 26.284123620071952, -0.636789964174298, 0.03381051087441023]"
12,480,1.701681654758e+00,8.953391887685e+00,5.902842704955e+00,1.701681654758e+00,"[7.362455537234876, -16.929928841930256, -44.72209536978497, -14.298283474261105, 29.59355770229814]"
13,520,1.838729466150e+00,8.519982790745e+00,5.394783515964e+00,1.701681654758e+00,"[7.362455537234876, -16.929928841930256, -44.72209536978497, -14.298283474261105, 29.59355770229814]"
14,560,1.466746411164e+00,6.995082214162e+00,4.365281209734e+00,1.466746411164e+00,"[27.835970513292573, -5.844144232340071, -12.74517302707136, 28.864595555971597, 10.197090660812908]"
15,600,1.383485257562e+00,5.988711831472e+00,4.664186156625e+00,1.383485257562e+00,"[9.656390541872842, -5.6679743811193575, -7.740088712456526, 33.83945205909619, -5.605836766164892]"
16,640,2.114248858229e+00,5.717187877943e+00,2.940605998677e+00,1.383485257562e+00,"[9.656390541872842, -5.6679743811193575, -7.740088712456526, 33.83945205909619, -5.605836766164892]"
17,680,1.092146948283e+00,5.182549752476e+00,3.849103817856e+00,1.092146948283e+00,"[18.13734745196691, -14.943858319861192, 0.594293115310073, -1.9870812376300755, 4.237059543586099]"
18,720,1.289315282891e+00,5.254616826310e+00,3.347314848631e+00,1.092146948283e+00,"[18.13734745196691, -14.943858319861192, 0.594293115310073, -1.9870812376300755, 4.237059543586099]"
19,760,1.204840830709e+00,4.540356335372e+00,3.087492104381e+00,1.092146948283e+00,"[18.13734745196691, -14.943858319861192, 0.594293115310073, -1.9870812376300755, 4.237059543586099]"
20,800,1.027621640154e+00,3.219202352517e+00,1.681022834025e+00,1.027621640154e+00,"[16.34122593459822, -2.4222052436213133, -5.6760528446856515, -0.20813293388167864, 9.054958730091055]"
21,840,1.223307365079e+00,3.685537274399e+00,2.042253433388e+00,1.027621640154e+00,"[16.34122593459822, -2.4222052436213133, -5.6760528446856515, -0.20813293388167864, 9.054958730091055]"
22,880,8.531550228547e-01,2.962809545919e+00,1.934383630277e+00,8.531550228547e-01,"[8.887380722714802, -0.7652841267375017, -27.69217540447339, -26.27595565673935, 13.48956687569138]"
23,920,9.022988657013e-01,3.809997631119e+00,3.114767071764e+00,8.531550228547e-01,"[8.887380722714802, -0.7652841267375017, -27.69217540447339, -26.27595565673935, 13.48956687569138]"
24,960,9.461352272173e-01,3.183207416291e+00,2.206797561039e+00,8.531550228547e-01,"[8.887380722714802, -0.7652841267375017, -27.69217540447339, -26.27595565673935, 13.48956687569138]"
25,1000,1.117313739661e+00,2.966477768152e+00,2.037353363742e+00,8.531550228547e-01,"[8.887380722714802, -0.7652841267375017, -27.69217540447339, -26.27595565673935, 13.48956687569138]"
26,1040,1.022532632219e+00,2.907999230313e+00,2.822255797638e+00,8.531550228547e-01,"[8.887380722714802, -0.7652841267375017, -27.69217540447339, -26.27595565673935, 13.48956687569138]"
27,1080,1.116673260798e+00,2.848298257221e+00,2.765869464714e+00,8.531550228547e-01,"[8.887380722714802, -0.7652841267375017, -27.69217540447339, -26.27595565673935, 13.48956687569138]"
28,1120,9.100938970025e-01,2.770963374321e+00,2.297872955973e+00,8.531550228547e-01,"[8.887380722714802, -0.7652841267375017, -27.69217540447339, -26.27595565673935, 13.48956687569138]"
29,1160,1.153371362359e+00,2.361173847709e+00,1.052815624895e+00,8.531550228547e-01,"[8.887380722714802, -0.7652841267375017, -27.69217540447339, -26.27595565673935, 13.48956687569138]"
30,1200,9.050080356668e-01,2.450444000036e+00,1.702841081250e+00,8.531550228547e-01,"[8.887380722714802, -0.7652841267375017, -27.69217540447339, -26.27595565673935, 13.48956687569138]"
31,1240,1.100786219063e+00,2.492779580310e+00,1.431682793741e+00,8.531550228547e-01,"[8.887380722714802, -0.7652841267375017, -27.69217540447339, -26.27595565673935, 13.48956687569138]"
32,1280,9.861302407423e-01,2.276448627750e+00,1.563055942104e+00,8.531550228547e-01,"[8.887380722714802, -0.7652841267375017, -27.69217540447339, -26.27595565673935, 13.48956687569138]"
33,1320,8.462387578585e-01,2.361926092698e+00,2.634666476326e+00,8.462387578585e-01,"[2.538068675445688, -7.581042204330103, 5.004701806870536, -23.892559712353503, 14.743465725785356]"
34,1360,1.182684200378e+00,2.233763342475e+00,1.532250688375e+00,8.462387578585e-01,"[2.538068675445688, -7.581042204330103, 5.004701806870536, -23.892559712353503, 14.743465725785356]"
35,1400,1.076969003344e+00,2.314718247855e+00,1.559284467277e+00,8.462387578585e-01,"[2.538068675445688, -7.581042204330103, 5.004701806870536, -23.892559712353503, 14.743465725785356]"
36,1440,8.845602915073e-01,1.949225545601e+00,1.071294307344e+00,8.462387578585e-01,"[2.538068675445688, -7.581042204330103, 5.004701806870536, -23.892559712353503, 14.743465725785356]"
37,1480,6.416374647332e-01,2.281585537387e+00,2.098545074580e+00,6.416374647332e-01,"[9.75745273289404, -4.5262260607210365, 22.463694561927532, -24.284855830994093, 12.984512810322268]"
38,1520,5.760621819610e-01,2.072950429416e+00,1.316083823295e+00,5.760621819610e-01,"[0.39453140467639436, -3.829547733850433, 11.683686838165604, -23.9264275706629, 6.930423321511343]"
39,1560,7.557512252106e-01,1.809858829463e+00,1.081370588755e+00,5.760621819610e-01,"[0.39453140467639436, -3.829547733850433, 11.683686838165604, -23.9264275706629, 6.930423321511343]"
40,1600,8.037449405550e-01,1.994147048770e+00,1.358727473416e+00,5.760621819610e-01,"[0.39453140467639436, -3.829547733850433, 11.683686838165604, -23.9264275706629, 6.930423321511343]"
41,1640,7.842085359552e-01,2.112988269058e+00,1.233198262019e+00,5.760621819610e-01,"[0.39453140467639436, -3.829547733850433, 11.683686838165604, -23.9264275706629, 6.930423321511343]"
42,1680,5.872510449373e-01,2.053843299537e+00,1.445606425321e+00,5.760621819610e-01,"[0.39453140467639436, -3.829547733850433, 11.683686838165604, -23.9264275706629, 6.930423321511343]"
43,1720,6.765557538029e-01,1.726351205631e+00,1.049173984220e+00,5.760621819610e-01,"[0.39453140467639436, -3.829547733850433, 11.683686838165604, -23.9264275706629, 6.930423321511343]"
44,1760,8.904734473824e-01,1.632510988907e+00,8.032123846966e-01,5.760621819610e-01,"[0.39453140467639436, -3.829547733850433, 11.683686838165604, -23.9264275706629, 6.930423321511343]"
45,1800,8.822585109959e-01,1.799120928174e+00,8.287426006850e-01,5.760621819610e-01,"[0.39453140467639436, -3.829547733850433, 11.683686838165604, -23.9264275706629, 6.930423321511343]"
46,1840,9.507500582312e-01,1.908026612987e+00,1.837733046723e+00,5.760621819610e-01,"[0.39453140467639436, -3.829547733850433, 11.683686838165604, -23.9264275706629, 6.930423321511343]"
47,1880,5.059253686324e-01,1.642030788158e+00,1.124161660507e+00,5.059253686324e-01,"[6.357545037030638, -3.9586310636299102, 12.237538251145335, 12.086509511266339, 6.088253815239324]"
48,1920,6.885589937216e-01,1.775666345154e+00,9.668487814682e-01,5.059253686324e-01,"[6.357545037030638, -3.9586310636299102, 12.237538251145335, 12.086509511266339, 6.088253815239324]"
49,1960,9.456107370929e-01,1.748085739980e+00,1.712191697213e+00,5.059253686324e-01,"[6.357545037030638, -3.9586310636299102, 12.237538251145335, 12.086509511266339, 6.088253815239324]"
50,2000,6.636754714574e-01,1.539252051567e+00,1.079057807840e+00,5.059253686324e-01,"[6.357545037030638, -3.9586310636299102, 12.237538251145335, 12.086509511266339, 6.088253815239324]"
51,2040,9.547940343914e-01,2.044455969692e+00,1.925666759548e+00,5.059253686324e-01,"[6.357545037030638, -3.9586310636299102, 12.237538251145335, 12.086509511266339, 6.088253815239324]"
52,2080,7.731544914331e-01,1.717469903828e+00,9.521547078713e-01,5.059253686324e-01,"[6.357545037030638, -3.9586310636299102, 12.237538251145335, 12.086509511266339, 6.088253815239324]"
53,2120,8.905023496710e-01,1.863929696563e+00,1.462231920118e+00,5.059253686324e-01,"[6.357545037030638, -3.9586310636299102, 12.237538251145335, 12.086509511266339, 6.088253815239324]"
54,2160,7.890522534643e-01,1.589672414871e+00,8.156030629402e-01,5.059253686324e-01,"[6.357545037030638, -3.9586310636299102, 12.237538251145335, 12.086509511266339, 6.088253815239324]"
55,2200,7.274671715389e-01,1.743438552945e+00,1.142271654058e+00,5.059253686324e-01,"[6.357545037030638, -3.9586310636299102, 12.237538251145335, 12.086509511266339, 6.088253815239324]"
56,2240,8.286929665342e-01,1.545010004952e+00,8.833759228312e-01,5.059253686324e-01,"[6.357545037030638, -3.9586310636299102, 12.237538251145335, 12.086509511266339, 6.088253815239324]"
57,2280,8.039150460931e-01,1.789015879868e+00,1.460317865812e+00,5.059253686324e-01,"[6.357545037030638, -3.9586310636299102, 12.237538251145335, 12.086509511266339, 6.088253815239324]"
58,2320,5.959465270856e-01,1.412192479086e+00,6.543470246844e-01,5.059253686324e-01,"[6.357545037030638, -3.9586310636299102, 12.237538251145335, 12.086509511266339, 6.088253815239324]"
59,2360,7.857305323256e-01,1.555923032420e+00,9.288359966187e-01,5.059253686324e-01,"[6.357545037030638, -3.9586310636299102, 12.237538251145335, 12.086509511266339, 6.088253815239324]"
60,2400,5.219858902239e-01,1.440320875227e+00,9.985278882563e-01,5.059253686324e-01,"[6.357545037030638, -3.9586310636299102, 12.237538251145335, 12.086509511266339, 6.088253815239324]"
61,2440,5.432107533976e-01,1.532691523037e+00,7.970151017653e-01,5.059253686324e-01,"[6.357545037030638, -3.9586310636299102, 12.237538251145335, 12.086509511266339, 6.088253815239324]"
62,2480,6.252566823867e-01,1.422197661369e+00,9.515777560538e-01,5.059253686324e-01,"[6.357545037030638, -3.9586310636299102, 12.237538251145335, 12.086509511266339, 6.088253815239324]"
63,2520,8.449318020129e-01,1.811489705720e+00,2.617794694367e+00,5.059253686324e-01,"[6.357545037030638, -3.9586310636299102, 12.237538251145335, 12.086509511266339, 6.088253815239324]"
64,2560,4.942859146801e-01,1.638009248603e+00,1.895932623879e+00,4.942859146801e-01,"[5.7276113957352335, -5.064690435858495, 5.609107739402763, -6.890554963342044, 5.407544927797762]"
65,2600,4.807197658724e-01,1.245049104249e+00,3.337654494595e-01,4.807197658724e-01,"[6.50932193323964, -12.657636920442378, 0.9288948499751033, 1.0005159075712111, 8.048082678301636]"
66,2640,4.213363028311e-01,1.407889408325e+00,6.853747168419e-01,4.213363028311e-01,"[0.4384836337769098, -9.3120044097021, 16.836056931873877, 0.7839210385807434, 8.035949228627834]"
67,2680,7.239828180241e-01,1.461347206570e+00,4.862453382013e-01,4.213363028311e-01,"[0.4384836337769098, -9.3120044097021, 16.836056931873877, 0.7839210385807434, 8.035949228627834]"
68,2720,6.499819152861e-01,1.654517551774e+00,1.192917813328e+00,4.213363028311e-01,"[0.4384836337769098, -9.3120044097021, 16.836056931873877, 0.7839210385807434, 8.035949228627834]"
69,2760,8.797624678270e-01,1.463438001043e+00,9.883438217285e-01,4.213363028311e-01,"[0.4384836337769098, -9.3120044097021, 16.836056931873877, 0.7839210385807434, 8.035949228627834]"
70,2800,6.944210733687e-01,1.319055062774e+00,4.416563336337e-01,4.213363028311e-01,"[0.4384836337769098, -9.3120044097021, 16.836056931873877, 0.7839210385807434, 8.035949228627834]"
71,2840,7.480274763107e-01,1.428282498205e+00,7.429329761382e-01,4.213363028311e-01,"[0.4384836337769098, -9.3120044097021, 16.836056931873877, 0.7839210385807434, 8.035949228627834]"
72,2880,5.862579294753e-01,1.341061157199e+00,4.366292438396e-01,4.213363028311e-01,"[0.4384836337769098, -9.3120044097021, 16.836056931873877, 0.7839210385807434, 8.035949228627834]"
73,2920,5.751667907468e-01,1.505647861040e+00,1.000106679481e+00,4.213363028311e-01,"[0.4384836337769098, -9.3120044097021, 16.836056931873877, 0.7839210385807434, 8.035949228627834]"
74,2960,6.617960776778e-01,1.664518145613e+00,1.650122144793e+00,4.213363028311e-01,"[0.4384836337769098, -9.3120044097021, 16.836056931873877, 0.7839210385807434, 8.035949228627834]"
75,3000,9.228700084935e-01,1.424701979564e+00,8.623449169400e-01,4.213363028311e-01,"[0.4384836337769098, -9.3120044097021, 16.836056931873877, 0.7839210385807434, 8.035949228627834]"
76,3040,2.682271298256e-01,1.629335802723e+00,1.290889880671e+00,2.682271298256e-01,"[3.0923563868615496, -13.788778194565545, 16.606960565006716, 0.6155817703080604, 6.454737329639071]"
77,3080,8.895914845009e-01,1.551155822191e+00,1.224758893916e+00,2.682271298256e-01,"[3.0923563868615496, -13.788778194565545, 16.606960565006716, 0.6155817703080604, 6.454737329639071]"
78,3120,7.018608702740e-01,1.425091052304e+00,7.588864931459e-01,2.682271298256e-01,"[3.0923563868615496, -13.788778194565545, 16.606960565006716, 0.6155817703080604, 6.454737329639071]"
79,3160,7.730090361630e-01,1.478918564375e+00,1.536882760635e+00,2.682271298256e-01,"[3.0923563868615496, -13.788778194565545, 16.606960565006716, 0.6155817703080604, 6.454737329639071]"
80,3200,9.499447504914e-01,1.635926155802e+00,1.358339901517e+00,2.682271298256e-01,"[3.0923563868615496, -13.788778194565545, 16.606960565006716, 0.6155817703080604, 6.454737329639071]"
81,3240,4.810398219742e-01,1.442798695301e+00,5.694840194788e-01,2.682271298256e-01,"[3.0923563868615496, -13.788778194565545, 16.606960565006716, 0.6155817703080604, 6.454737329639071]"
82,3280,6.025017613778e-01,1.636734717380e+00,1.884104850672e+00,2.682271298256e-01,"[3.0923563868615496, -13.788778194565545, 16.606960565006716, 0.6155817703080604, 6.454737329639071]"
83,3320,8.650161122656e-01,1.313631692714e+00,5.092198947900e-01,2.682271298256e-01,"[3.0923563868615496, -13.788778194565545, 16.606960565006716, 0.6155817703080604, 6.454737329639071]"
84,3360,4.557828103219e-01,1.481694060979e+00,1.153524719376e+00,2.682271298256e-01,"[3.0923563868615496, -13.788778194565545, 16.606960565006716, 0.6155817703080604, 6.454737329639071]"
85,3400,4.325969622505e-01,1.507466989106e+00,1.331976124370e+00,2.682271298256e-01,"[3.0923563868615496, -13.788778194565545, 16.606960565006716, 0.6155817703080604, 6.454737329639071]"
86,3440,6.630118083560e-01,1.366536970462e+00,4.473531807999e-01,2.682271298256e-01,"[3.0923563868615496, -13.788778194565545, 16.606960565006716, 0.6155817703080604, 6.454737329639071]"
87,3480,7.480127977583e-01,1.466790132006e+00,9.353352144555e-01,2.682271298256e-01,"[3.0923563868615496, -13.788778194565545, 16.606960565006716, 0.6155817703080604, 6.454737329639071]"
88,3520,6.597580616360e-01,1.405338252152e+00,4.165507756049e-01,2.682271298256e-01,"[3.0923563868615496, -13.788778194565545, 16.606960565006716, 0.6155817703080604, 6.454737329639071]"
89,3560,6.183781920921e-01,1.432419314067e+00,9.264457796317e-01,2.682271298256e-01,"[3.0923563868615496, -13.788778194565545, 16.606960565006716, 0.6155817703080604, 6.454737329639071]"
90,3600,8.863725752060e-01,1.370195698556e+00,4.734384331039e-01,2.682271298256e-01,"[3.0923563868615496, -13.788778194565545, 16.606960565006716, 0.6155817703080604, 6.454737329639071]"
91,3640,5.628850812877e-01,1.334926830307e+00,8.573627311039e-01,2.682271298256e-01,"[3.0923563868615496, -13.788778194565545, 16.606960565006716, 0.6155817703080604, 6.454737329639071]"
92,3680,5.496258391041e-01,1.489280210328e+00,1.590196588859e+00,2.682271298256e-01,"[3.0923563868615496, -13.788778194565545, 16.606960565006716, 0.6155817703080604, 6.454737329639071]"
93,3720,5.778693781673e-01,1.305451510029e+00,4.231431001353e-01,2.682271298256e-01,"[3.0923563868615496, -13.788778194565545, 16.606960565006716, 0.6155817703080604, 6.454737329639071]"
94,3760,5.358939741903e-01,1.556383148718e+00,1.204470623709e+00,2.682271298256e-01,"[3.0923563868615496, -13.788778194565545, 16.606960565006716, 0.6155817703080604, 6.454737329639071]"
95,3800,5.659970056104e-01,1.247135077775e+00,3.603330721274e-01,2.682271298256e-01,"[3.0923563868615496, -13.788778194565545, 16.606960565006716, 0.6155817703080604, 6.454737329639071]"
96,3840,6.654784864104e-01,1.414430953944e+00,8.806212886446e-01,2.682271298256e-01,"[3.0923563868615496, -13.788778194565545, 16.606960565006716, 0.6155817703080604, 6.454737329639071]"
97,3880,3.670902928162e-01,1.299529542876e+00,5.705617866845e-01,2.682271298256e-01,"[3.0923563868615496, -13.788778194565545, 16.606960565006716, 0.6155817703080604, 6.454737329639071]"
98,3920,3.735777850238e-01,1.367624715950e+00,6.213171577006e-01,2.682271298256e-01,"[3.0923563868615496, -13.788778194565545, 16.606960565006716, 0.6155817703080604, 6.454737329639071]"
99,3960,3.867967039486e-01,1.253395986084e+00,3.209088499253e-01,2.682271298256e-01,"[3.0923563868615496, -13.788778194565545, 16.606960565006716, 0.6155817703080604, 6.454737329639071]"
100,4000,5.801271977131e-01,1.298212871793e+00,4.591521807467e-01,2.682271298256e-01,"[3.0923563868615496, -13.788778194565545, 16.606960565006716, 0.6155817703080604, 6.454737329639071]"
101,4040,6.442983128382e-01,1.310439218796e+00,4.392858738209e-01,2.682271298256e-01,"[3.0923563868615496, -13.788778194565545, 16.606960565006716, 0.6155817703080604, 6.454737329639071]"
102,4080,4.722358303549e-01,1.166558382368e+00,3.584791708724e-01,2.682271298256e-01,"[3.0923563868615496, -13.788778194565545, 16.606960565006716, 0.6155817703080604, 6.454737329639071]"
103,4120,2.999252288397e-01,1.232899131403e+00,3.186834371068e-01,2.682271298256e-01,"[3.0923563868615496, -13.788778194565545, 16.606960565006716, 0.6155817703080604, 6.454737329639071]"
104,4160,6.690358962758e-01,1.217216484763e+00,2.922126736082e-01,2.682271298256e-01,"[3.0923563868615496, -13.788778194565545, 16.606960565006716, 0.6155817703080604, 6.454737329639071]"
105,4200,2.558890145434e-01,1.255188534929e+00,4.539888368685e-01,2.558890145434e-01,"[3.2853113769518663, -13.687834653555045, 16.60099482892807, 0.6110290468719289, 6.457491035881092]"
106,4240,5.626709498148e-01,1.243702554483e+00,3.917611789877e-01,2.558890145434e-01,"[3.2853113769518663, -13.687834653555045, 16.60099482892807, 0.6110290468719289, 6.457491035881092]"
107,4280,4.121328456706e-01,1.220392460857e+00,2.963048096049e-01,2.558890145434e-01,"[3.2853113769518663, -13.687834653555045, 16.60099482892807, 0.6110290468719289, 6.457491035881092]"
108,4320,2.124009905658e-01,1.201765424333e+00,3.371831102999e-01,2.124009905658e-01,"[3.0760317912868107, -13.298343854782946, -4.781920037149937, 0.7971206711077177, 6.884249072518434]"
109,4360,3.398202611497e-01,1.162106258204e+00,3.289081518380e-01,2.124009905658e-01,"[3.0760317912868107, -13.298343854782946, -4.781920037149937, 0.7971206711077177, 6.884249072518434]"
110,4400,4.126277814968e-01,1.131804961101e+00,3.799320054860e-01,2.124009905658e-01,"[3.0760317912868107, -13.298343854782946, -4.781920037149937, 0.7971206711077177, 6.884249072518434]"
111,4440,2.135226727937e-01,1.160579778351e+00,3.071450532884e-01,2.124009905658e-01,"[3.0760317912868107, -13.298343854782946, -4.781920037149937, 0.7971206711077177, 6.884249072518434]"
112,4480,5.827290517021e-01,1.271615661797e+00,4.014946901208e-01,2.124009905658e-01,"[3.0760317912868107, -13.298343854782946, -4.781920037149937, 0.7971206711077177, 6.884249072518434]"
113,4520,5.919024053595e-01,1.212170596542e+00,3.285952046282e-01,2.124009905658e-01,"[3.0760317912868107, -13.298343854782946, -4.781920037149937, 0.7971206711077177, 6.884249072518434]"
114,4560,2.777390186876e-01,1.270258971185e+00,4.333246661494e-01,2.124009905658e-01,"[3.0760317912868107, -13.298343854782946, -4.781920037149937, 0.7971206711077177, 6.884249072518434]"
115,4600,1.510116182444e-01,1.175475780050e+00,4.285909131457e-01,1.510116182444e-01,"[3.0463338555885153, -13.309546373688619, -5.654451212010574, 0.7672575648291255, 6.994351259105821]"
116,4640,1.869658468194e-01,1.129797920972e+00,3.673478447480e-01,1.510116182444e-01,"[3.0463338555885153, -13.309546373688619, -5.654451212010574, 0.7672575648291255, 6.994351259105821]"
117,4680,2.261057616224e-01,1.177616142109e+00,3.431118799582e-01,1.510116182444e-01,"[3.0463338555885153, -13.309546373688619, -5.654451212010574, 0.7672575648291255, 6.994351259105821]"
118,4720,2.547219641583e-01,1.162677767641e+00,3.478512957844e-01,1.510116182444e-01,"[3.0463338555885153, -13.309546373688619, -5.654451212010574, 0.7672575648291255, 6.994351259105821]"
119,4760,1.298651110571e-01,1.124425634132e+00,4.052898872707e-01,1.298651110571e-01,"[3.1328823763657967, -13.380870777844338, -5.741150118329269, 0.6138627763461223, 6.944241356660039]"
120,4800,1.308353567698e-01,1.191485120245e+00,3.663105634101e-01,1.298651110571e-01,"[3.1328823763657967, -13.380870777844338, -5.741150118329269, 0.6138627763461223, 6.944241356660039]"
121,4840,1.391345748702e-01,1.062380128325e+00,5.044108912628e-01,1.298651110571e-01,"[3.1328823763657967, -13.380870777844338, -5.741150118329269, 0.6138627763461223, 6.944241356660039]"
122,4880,1.094058505378e-01,1.061309668564e+00,4.001558990426e-01,1.094058505378e-01,"[3.1380008229183343, -13.364329727171983, -5.215890444179198, 0.5268450749760113, 6.968444529172661]"
123,4920,1.658524001824e-01,1.111659414498e+00,3.955473087808e-01,1.094058505378e-01,"[3.1380008229183343, -13.364329727171983, -5.215890444179198, 0.5268450749760113, 6.968444529172661]"
124,4960,1.321489718455e-01,1.081355476769e+00,4.850215508042e-01,1.094058505378e-01,"[3.1380008229183343, -13.364329727171983, -5.215890444179198, 0.5268450749760113, 6.968444529172661]"
125,5000,8.972278405210e-02,1.197898813537e+00,5.127803327720e-01,8.972278405210e-02,"[3.141263407731829, -13.360314713448089, -5.5556059196265055, 0.3967175612999678, 6.929597318519127]"
126,5040,7.746373383406e-02,1.100233917148e+00,5.573432017345e-01,7.746373383406e-02,"[3.177634611068465, -13.357324058134102, -5.393571205013096, 0.2507676892967211, 6.877675368215095]"
127,5080,7.843399275179e-02,1.152905606335e+00,4.374741062950e-01,7.746373383406e-02,"[3.177634611068465, -13.357324058134102, -5.393571205013096, 0.2507676892967211, 6.877675368215095]"
128,5120,7.827619755975e-02,1.140562451366e+00,5.585098082683e-01,7.746373383406e-02,"[3.177634611068465, -13.357324058134102, -5.393571205013096, 0.2507676892967211, 6.877675368215095]"
129,5160,7.314331522914e-02,1.069451133563e+00,5.427115153829e-01,7.314331522914e-02,"[3.1297767512243526, -13.402321277495295, -5.573909700265671, -0.06079822788074524, 6.91182629578888]"
130,5200,8.388834105770e-02,1.142926875522e+00,5.747321072323e-01,7.314331522914e-02,"[3.1297767512243526, -13.402321277495295, -5.573909700265671, -0.06079822788074524, 6.91182629578888]"
131,5240,8.207705260752e-02,1.079240242358e+00,4.310366004481e-01,7.314331522914e-02,"[3.1297767512243526, -13.402321277495295, -5.573909700265671, -0.06079822788074524, 6.91182629578888]"
132,5280,7.250246054882e-02,1.006459385883e+00,4.555624472343e-01,7.250246054882e-02,"[3.1479361137419057, -13.397951324044643, -5.466722456118731, 0.16117641583359368, 6.917866583236771]"
133,5320,9.228240603658e-02,1.045221291058e+00,4.611867312419e-01,7.250246054882e-02,"[3.1479361137419057, -13.397951324044643, -5.466722456118731, 0.16117641583359368, 6.917866583236771]"
134,5360,7.086814953138e-02,1.068367982727e+00,4.646649134889e-01,7.086814953138e-02,"[3.155782807499019, -13.335199394069292, -5.47119243116489, 0.15640114636971303, 6.9171263365824665]"
135,5400,7.578060068855e-02,1.035043779302e+00,4.726162971200e-01,7.086814953138e-02,"[3.155782807499019, -13.335199394069292, -5.47119243116489, 0.15640114636971303, 6.9171263365824665]"
136,5440,6.885335382266e-02,1.107171398497e+00,4.979503546037e-01,6.885335382266e-02,"[3.1520057296289044, -13.372323363562424, -5.396862730899364, 0.009193824907245463, 6.897573724328212]"
137,5480,7.713993621605e-02,1.148861404230e+00,5.252905784421e-01,6.885335382266e-02,"[3.1520057296289044, -13.372323363562424, -5.396862730899364, 0.009193824907245463, 6.897573724328212]"
138,5520,7.212806388706e-02,1.054394484336e+00,4.650677911674e-01,6.885335382266e-02,"[3.1520057296289044, -13.372323363562424, -5.396862730899364, 0.009193824907245463, 6.897573724328212]"
139,5560,7.057391106455e-02,1.135313044071e+00,4.598820409684e-01,6.885335382266e-02,"[3.1520057296289044, -13.372323363562424, -5.396862730899364, 0.009193824907245463, 6.897573724328212]"
140,5600,6.974546765105e-02,1.101178286666e+00,4.880050752610e-01,6.885335382266e-02,"[3.1520057296289044, -13.372323363562424, -5.396862730899364, 0.009193824907245463, 6.897573724328212]"
141,5640,7.273699001718e-02,1.043000272593e+00,5.157070660070e-01,6.885335382266e-02,"[3.1520057296289044, -13.372323363562424, -5.396862730899364, 0.009193824907245463, 6.897573724328212]"
142,5680,7.040612236431e-02,1.039036306077e+00,3.848949414529e-01,6.885335382266e-02,"[3.1520057296289044, -13.372323363562424, -5.396862730899364, 0.009193824907245463, 6.897573724328212]"
143,5720,7.088194023798e-02,1.017072574167e+00,4.309067868397e-01,6.885335382266e-02,"[3.1520057296289044, -13.372323363562424, -5.396862730899364, 0.009193824907245463, 6.897573724328212]"
144,5760,6.877142223709e-02,1.136413181187e+00,4.834380283375e-01,6.877142223709e-02,"[3.15188003441693, -13.376569539842302, -5.424913109869835, 0.007925016981243621, 6.897319664700467]"
145,5800,7.024144312835e-02,1.090828057626e+00,4.257069428658e-01,6.877142223709e-02,"[3.15188003441693, -13.376569539842302, -5.424913109869835, 0.007925016981243621, 6.897319664700467]"
146,5840,6.886967731924e-02,1.061481298819e+00,4.494177855201e-01,6.877142223709e-02,"[3.15188003441693, -13.376569539842302, -5.424913109869835, 0.007925016981243621, 6.897319664700467]"
147,5880,6.955532780324e-02,1.067964097435e+00,4.755965962060e-01,6.877142223709e-02,"[3.15188003441693, -13.376569539842302, -5.424913109869835, 0.007925016981243621, 6.897319664700467]"
148,5920,6.878057285351e-02,1.047093903666e+00,4.891623017339e-01,6.877142223709e-02,"[3.15188003441693, -13.376569539842302, -5.424913109869835, 0.007925016981243621, 6.897319664700467]"
149,5960,6.988519955917e-02,1.011450426882e+00,6.223297297027e-01,6.877142223709e-02,"[3.15188003441693, -13.376569539842302, -5.424913109869835, 0.007925016981243621, 6.897319664700467]"
150,6000,6.933098803762e-02,1.039778039871e+00,4.582297278776e-01,6.877142223709e-02,"[3.15188003441693, -13.376569539842302, -5.424913109869835, 0.007925016981243621, 6.897319664700467]"
151,6040,6.810827901575e-02,1.066587274655e+00,5.928175346024e-01,6.810827901575e-02,"[3.14041435123349, -13.329583579737243, -5.408630877157577, -0.044961308016948746, 6.899180922507837]"
152,6080,6.794704595340e-02,9.737302268298e-01,5.345693424269e-01,6.794704595340e-02,"[3.146466745805584, -13.254305479474601, -5.402179627143162, -0.02946155260601378, 6.963351345992398]"
153,6120,7.016414083368e-02,1.059142770100e+00,5.067345762162e-01,6.794704595340e-02,"[3.146466745805584, -13.254305479474601, -5.402179627143162, -0.02946155260601378, 6.963351345992398]"
154,6160,6.793953898516e-02,9.985706761931e-01,5.419709329034e-01,6.793953898516e-02,"[3.148133887682751, -13.249291509091083, -5.403995301686327, -0.03217639429409645, 6.99659111310886]"
155,6200,6.714974073151e-02,9.960724694722e-01,5.200078320935e-01,6.714974073151e-02,"[3.1461966684881375, -13.284705617591104, -5.408646915364879, -0.04216615351454467, 6.987257797898316]"
156,6240,6.700248528100e-02,1.002085231939e+00,4.675364369112e-01,6.700248528100e-02,"[3.1448018706680156, -13.31020377571112, -5.411996077213437, -0.04935878015326738, 6.980537810946724]"
157,6280,6.711497201724e-02,9.877405193748e-01,5.579628298105e-01,6.700248528100e-02,"[3.1448018706680156, -13.31020377571112, -5.411996077213437, -0.04935878015326738, 6.980537810946724]"
158,6320,6.706613958528e-02,1.009933090943e+00,5.118780901643e-01,6.700248528100e-02,"[3.1448018706680156, -13.31020377571112, -5.411996077213437, -0.04935878015326738, 6.980537810946724]"
159,6360,6.708448079065e-02,1.012094626361e+00,5.687922395961e-01,6.700248528100e-02,"[3.1448018706680156, -13.31020377571112, -5.411996077213437, -0.04935878015326738, 6.980537810946724]"
160,6400,6.701039729732e-02,9.750047949286e-01,5.281366587055e-01,6.700248528100e-02,"[3.1448018706680156, -13.31020377571112, -5.411996077213437, -0.04935878015326738, 6.980537810946724]"
161,6440,6.697563432817e-02,9.461491502199e-01,4.630824775073e-01,6.697563432817e-02,"[3.1439047555258757, -13.316834469272706, -5.4175672502618655, -0.05019277734794338, 6.979272371797485]"
162,6480,6.699779321806e-02,9.402496267768e-01,5.875927675178e-01,6.697563432817e-02,"[3.1439047555258757, -13.316834469272706, -5.4175672502618655, -0.05019277734794338, 6.979272371797485]"
163,6520,6.696180818844e-02,9.456212352804e-01,4.900204805531e-01,6.696180818844e-02,"[3.143873692695231, -13.315794909741522, -5.416402083323356, -0.04873858354022513, 6.979541003285708]"
164,6560,6.696986871322e-02,9.244999406486e-01,5.314960238227e-01,6.696180818844e-02,"[3.143873692695231, -13.315794909741522, -5.416402083323356, -0.04873858354022513, 6.979541003285708]"
165,6600,6.693614258169e-02,9.528332452475e-01,5.479662590409e-01,6.693614258169e-02,"[3.143826481543303, -13.316785030999412, -5.421648319959053, -0.04868701217011191, 6.979621341612847]"
166,6640,6.695027760845e-02,9.239623645495e-01,5.203624084201e-01,6.693614258169e-02,"[3.143826481543303, -13.316785030999412, -5.421648319959053, -0.04868701217011191, 6.979621341612847]"
167,6680,6.679722498376e-02,8.803587551030e-01,5.581341999789e-01,6.679722498376e-02,"[3.1415630447742533, -13.333996852727648, -5.417111065042745, -0.0049419209815803194, 6.97128358984583]"
168,6720,6.697541302291e-02,9.452636517158e-01,5.627805628579e-01,6.679722498376e-02,"[3.1415630447742533, -13.333996852727648, -5.417111065042745, -0.0049419209815803194, 6.97128358984583]"
169,6760,6.671633708956e-02,8.589079847853e-01,4.628927902229e-01,6.671633708956e-02,"[3.142063038070594, -13.314595918707916, -5.426015722434916, -0.013263491125915673, 6.968481860486209]"
170,6800,6.682650393483e-02,9.075587582470e-01,5.430248148078e-01,6.671633708956e-02,"[3.142063038070594, -13.314595918707916, -5.426015722434916, -0.013263491125915673, 6.968481860486209]"
171,6840,6.695223965747e-02,1.032478794211e+00,5.649227629645e-01,6.671633708956e-02,"[3.142063038070594, -13.314595918707916, -5.426015722434916, -0.013263491125915673, 6.968481860486209]"
172,6880,6.688911608456e-02,9.596155904719e-01,5.771091911148e-01,6.671633708956e-02,"[3.142063038070594, -13.314595918707916, -5.426015722434916, -0.013263491125915673, 6.968481860486209]"
173,6920,6.691044095913e-02,8.750789317095e-01,4.840856328344e-01,6.671633708956e-02,"[3.142063038070594, -13.314595918707916, -5.426015722434916, -0.013263491125915673, 6.968481860486209]"
174,6960,6.680599472770e-02,9.999015767452e-01,5.683978664517e-01,6.671633708956e-02,"[3.142063038070594, -13.314595918707916, -5.426015722434916, -0.013263491125915673, 6.968481860486209]"
175,7000,6.696537250077e-02,9.241113454209e-01,5.879280557007e-01,6.671633708956e-02,"[3.142063038070594, -13.314595918707916, -5.426015722434916, -0.013263491125915673, 6.968481860486209]"
176,7040,6.670732376773e-02,9.275724755027e-01,5.581583649943e-01,6.670732376773e-02,"[3.1418164432194624, -13.314537061163291, -5.421523958384201, -0.017679878191321392, 6.973999574112558]"
177,7080,6.695651757554e-02,9.168572645415e-01,5.937245605802e-01,6.670732376773e-02,"[3.1418164432194624, -13.314537061163291, -5.421523958384201, -0.017679878191321392, 6.973999574112558]"
178,7120,6.671374612209e-02,9.834725526612e-01,6.303041521680e-01,6.670732376773e-02,"[3.1418164432194624, -13.314537061163291, -5.421523958384201, -0.017679878191321392, 6.973999574112558]"
179,7160,6.697042285279e-02,9.103913337008e-01,5.317610863068e-01,6.670732376773e-02,"[3.1418164432194624, -13.314537061163291, -5.421523958384201, -0.017679878191321392, 6.973999574112558]"
180,7200,6.669838355790e-02,9.201275516100e-01,5.783824138831e-01,6.669838355790e-02,"[3.1457456952733485, -13.305870025137438, -5.4248160947118516, 0.00697440749076747, 6.9742738000243785]"
181,7240,6.663962600513e-02,8.821411519633e-01,5.352546047940e-01,6.663962600513e-02,"[3.1421292171771187, -13.312455952936467, -5.426716705288898, -0.00011711819872373477, 6.976371871597334]"
182,7280,6.677664674693e-02,9.182539255983e-01,6.823962453291e-01,6.663962600513e-02,"[3.1421292171771187, -13.312455952936467, -5.426716705288898, -0.00011711819872373477, 6.976371871597334]"
183,7320,6.663924711349e-02,9.520837637287e-01,6.806848877918e-01,6.663924711349e-02,"[3.141915399987851, -13.316048303527273, -5.425944339327412, -0.0015908385561960465, 6.9763899566748]"
184,7360,6.678081319097e-02,9.813622472349e-01,8.352848347144e-01,6.663924711349e-02,"[3.141915399987851, -13.316048303527273, -5.425944339327412, -0.0015908385561960465, 6.9763899566748]"
185,7400,6.683158819378e-02,8.827974105859e-01,5.898218681648e-01,6.663924711349e-02,"[3.141915399987851, -13.316048303527273, -5.425944339327412, -0.0015908385561960465, 6.9763899566748]"
186,7440,6.666656462366e-02,9.027098998286e-01,5.779254319643e-01,6.663924711349e-02,"[3.141915399987851, -13.316048303527273, -5.425944339327412, -0.0015908385561960465, 6.9763899566748]"
187,7480,6.668140559267e-02,8.334630496454e-01,5.810640338467e-01,6.663924711349e-02,"[3.141915399987851, -13.316048303527273, -5.425944339327412, -0.0015908385561960465, 6.9763899566748]"
188,7520,6.659344656802e-02,8.726857570229e-01,5.544005700424e-01,6.659344656802e-02,"[3.1424909885768706, -13.314837674765494, -5.419113621827398, 0.0006335015595253582, 6.991636259018859]"
189,7560,6.657988988098e-02,9.191165449184e-01,6.015790671149e-01,6.657988988098e-02,"[3.142794916369579, -13.31991247017647, -5.420379581426634, 0.005398351248488165, 6.998856596813232]"
190,7600,6.660396457512e-02,8.512471065334e-01,6.163972437884e-01,6.657988988098e-02,"[3.142794916369579, -13.31991247017647, -5.420379581426634, 0.005398351248488165, 6.998856596813232]"
191,7640,6.658287055571e-02,8.390347358128e-01,5.975299092028e-01,6.657988988098e-02,"[3.142794916369579, -13.31991247017647, -5.420379581426634, 0.005398351248488165, 6.998856596813232]"
192,7680,6.662534846532e-02,9.129154883728e-01,6.290380588383e-01,6.657988988098e-02,"[3.142794916369579, -13.31991247017647, -5.420379581426634, 0.005398351248488165, 6.998856596813232]"
193,7720,6.663911663560e-02,8.621537230646e-01,6.201651283564e-01,6.657988988098e-02,"[3.142794916369579, -13.31991247017647, -5.420379581426634, 0.005398351248488165, 6.998856596813232]"
194,7760,6.658192204934e-02,8.507767872661e-01,5.751894446290e-01,6.657988988098e-02,"[3.142794916369579, -13.31991247017647, -5.420379581426634, 0.005398351248488165, 6.998856596813232]"
195,7800,6.658678269239e-02,8.588607294003e-01,6.121864942252e-01,6.657988988098e-02,"[3.142794916369579, -13.31991247017647, -5.420379581426634, 0.005398351248488165, 6.998856596813232]"
196,7840,6.659399118276e-02,8.732826151555e-01,5.514413860615e-01,6.657988988098e-02,"[3.142794916369579, -13.31991247017647, -5.420379581426634, 0.005398351248488165, 6.998856596813232]"
197,7880,6.658515023365e-02,8.441419725760e-01,5.616990551435e-01,6.657988988098e-02,"[3.142794916369579, -13.31991247017647, -5.420379581426634, 0.005398351248488165, 6.998856596813232]"
198,7920,6.655401171558e-02,8.515004552864e-01,6.277724316541e-01,6.655401171558e-02,"[3.142718784187715, -13.313136900012541, -5.426172237244736, 0.008026177339343885, 7.005363106616063]"
199,7960,6.659469223209e-02,8.450572606457e-01,6.120861630040e-01,6.655401171558e-02,"[3.142718784187715, -13.313136900012541, -5.426172237244736, 0.008026177339343885, 7.005363106616063]"
200,8000,6.033095855364e-02,7.909194434305e-01,6.328949581423e-01,6.033095855364e-02,"[6.386066309929914, -9.010717173180607, -5.483949028509556, 0.06625788137804849, 7.011212651044057]"
201,8040,3.594198823227e-01,1.100705762660e+00,3.619181921716e-01,6.033095855364e-02,"[6.386066309929914, -9.010717173180607, -5.483949028509556, 0.06625788137804849, 7.011212651044057]"
202,8080,3.429440935152e-01,1.076509434995e+00,5.150724596107e-01,6.033095855364e-02,"[6.386066309929914, -9.010717173180607, -5.483949028509556, 0.06625788137804849, 7.011212651044057]"
203,8120,3.766479252385e-02,1.207132000160e+00,6.584602035366e-01,3.766479252385e-02,"[3.0754179757333207, -4.399009943690247, -5.495011613619469, 0.24438012207012805, 6.995350283041388]"
204,8160,4.195154718748e-01,1.147662595053e+00,3.394177843860e-01,3.766479252385e-02,"[3.0754179757333207, -4.399009943690247, -5.495011613619469, 0.24438012207012805, 6.995350283041388]"
205,8200,1.469183527402e-01,1.165201225311e+00,5.678233494169e-01,3.766479252385e-02,"[3.0754179757333207, -4.399009943690247, -5.495011613619469, 0.24438012207012805, 6.995350283041388]"
206,8240,7.445827232023e-02,1.067066525586e+00,4.915042832749e-01,3.766479252385e-02,"[3.0754179757333207, -4.399009943690247, -5.495011613619469, 0.24438012207012805, 6.995350283041388]"
207,8280,4.489469543628e-01,1.273691304161e+00,4.089182575534e-01,3.766479252385e-02,"[3.0754179757333207, -4.399009943690247, -5.495011613619469, 0.24438012207012805, 6.995350283041388]"
208,8320,1.619167943339e-01,1.175298790415e+00,4.570923748648e-01,3.766479252385e-02,"[3.0754179757333207, -4.399009943690247, -5.495011613619469, 0.24438012207012805, 6.995350283041388]"
209,8360,1.327941671625e-01,1.194579554541e+00,5.630856728301e-01,3.766479252385e-02,"[3.0754179757333207, -4.399009943690247, -5.495011613619469, 0.24438012207012805, 6.995350283041388]"
210,8400,3.778082388138e-01,1.219860358153e+00,5.917586190710e-01,3.766479252385e-02,"[3.0754179757333207, -4.399009943690247, -5.495011613619469, 0.24438012207012805, 6.995350283041388]"
211,8440,3.111053156589e-02,1.065284699937e+00,5.162102011115e-01,3.111053156589e-02,"[3.1072924199058654, -4.544118316936592, -5.492445951057544, 0.000499933125643448, 6.974672244417916]"
212,8480,1.457525970616e-01,1.152194719273e+00,4.735496635539e-01,3.111053156589e-02,"[3.1072924199058654, -4.544118316936592, -5.492445951057544, 0.000499933125643448, 6.974672244417916]"
213,8520,2.902545760763e-02,1.123238224238e+00,5.534820091064e-01,2.902545760763e-02,"[3.1048308636448194, -4.445030493713144, -5.488883604040238, -0.06952614468180278, 6.964777891517327]"
214,8560,1.975893178506e-01,1.017336012979e+00,4.424741493783e-01,2.902545760763e-02,"[3.1048308636448194, -4.445030493713144, -5.488883604040238, -0.06952614468180278, 6.964777891517327]"
215,8600,2.187904918816e-01,1.182061217211e+00,5.747039639479e-01,2.902545760763e-02,"[3.1048308636448194, -4.445030493713144, -5.488883604040238, -0.06952614468180278, 6.964777891517327]"
216,8640,1.395180308440e-01,1.125123629293e+00,6.257515377935e-01,2.902545760763e-02,"[3.1048308636448194, -4.445030493713144, -5.488883604040238, -0.06952614468180278, 6.964777891517327]"
217,8680,4.246531527791e-02,1.268453033320e+00,1.080738360560e+00,2.902545760763e-02,"[3.1048308636448194, -4.445030493713144, -5.488883604040238, -0.06952614468180278, 6.964777891517327]"
218,8720,1.023985735546e-01,1.192979933108e+00,4.507885380802e-01,2.902545760763e-02,"[3.1048308636448194, -4.445030493713144, -5.488883604040238, -0.06952614468180278, 6.964777891517327]"
219,8760,6.491205525805e-02,1.135980955886e+00,7.363431598106e-01,2.902545760763e-02,"[3.1048308636448194, -4.445030493713144, -5.488883604040238, -0.06952614468180278, 6.964777891517327]"
220,8800,2.996865045280e-02,1.018416313763e+00,5.148121368055e-01,2.902545760763e-02,"[3.1048308636448194, -4.445030493713144, -5.488883604040238, -0.06952614468180278, 6.964777891517327]"
221,8840,6.168489800171e-02,1.143043695496e+00,8.653372627058e-01,2.902545760763e-02,"[3.1048308636448194, -4.445030493713144, -5.488883604040238, -0.06952614468180278, 6.964777891517327]"
222,8880,7.286511843263e-02,1.054223364838e+00,5.033471307887e-01,2.902545760763e-02,"[3.1048308636448194, -4.445030493713144, -5.488883604040238, -0.06952614468180278, 6.964777891517327]"
223,8920,7.802474039337e-02,1.241217272820e+00,8.975482477208e-01,2.902545760763e-02,"[3.1048308636448194, -4.445030493713144, -5.488883604040238, -0.06952614468180278, 6.964777891517327]"
224,8960,7.829697390004e-02,9.975620717907e-01,6.404844803374e-01,2.902545760763e-02,"[3.1048308636448194, -4.445030493713144, -5.488883604040238, -0.06952614468180278, 6.964777891517327]"
225,9000,5.046992993914e-02,1.087378577159e+00,9.245381546506e-01,2.902545760763e-02,"[3.1048308636448194, -4.445030493713144, -5.488883604040238, -0.06952614468180278, 6.964777891517327]"
226,9040,3.231169225210e-02,9.874369190711e-01,4.932880958839e-01,2.902545760763e-02,"[3.1048308636448194, -4.445030493713144, -5.488883604040238, -0.06952614468180278, 6.964777891517327]"
227,9080,3.413209685437e-02,1.131841931008e+00,5.430718301444e-01,2.902545760763e-02,"[3.1048308636448194, -4.445030493713144, -5.488883604040238, -0.06952614468180278, 6.964777891517327]"
228,9120,3.452288412330e-02,9.229083309663e-01,4.915931181519e-01,2.902545760763e-02,"[3.1048308636448194, -4.445030493713144, -5.488883604040238, -0.06952614468180278, 6.964777891517327]"
229,9160,2.939204028114e-02,1.099235871477e+00,5.431718218289e-01,2.902545760763e-02,"[3.1048308636448194, -4.445030493713144, -5.488883604040238, -0.06952614468180278, 6.964777891517327]"
230,9200,3.675177181813e-02,1.113689569783e+00,6.900491638374e-01,2.902545760763e-02,"[3.1048308636448194, -4.445030493713144, -5.488883604040238, -0.06952614468180278, 6.964777891517327]"
231,9240,2.980649206631e-02,9.786206328637e-01,5.393236094802e-01,2.902545760763e-02,"[3.1048308636448194, -4.445030493713144, -5.488883604040238, -0.06952614468180278, 6.964777891517327]"
232,9280,2.977340165429e-02,1.060286715273e+00,6.013606360298e-01,2.902545760763e-02,"[3.1048308636448194, -4.445030493713144, -5.488883604040238, -0.06952614468180278, 6.964777891517327]"
233,9320,3.456420351775e-02,1.063988551832e+00,5.318429576296e-01,2.902545760763e-02,"[3.1048308636448194, -4.445030493713144, -5.488883604040238, -0.06952614468180278, 6.964777891517327]"
234,9360,3.264231402684e-02,1.205251254605e+00,5.831426635095e-01,2.902545760763e-02,"[3.1048308636448194, -4.445030493713144, -5.488883604040238, -0.06952614468180278, 6.964777891517327]"
235,9400,2.986509841577e-02,1.020166236111e+00,5.168853481295e-01,2.902545760763e-02,"[3.1048308636448194, -4.445030493713144, -5.488883604040238, -0.06952614468180278, 6.964777891517327]"
236,9440,3.396850822748e-02,9.492719428946e-01,5.379842686310e-01,2.902545760763e-02,"[3.1048308636448194, -4.445030493713144, -5.488883604040238, -0.06952614468180278, 6.964777891517327]"
237,9480,3.029782302894e-02,1.085867860641e+00,5.492693543396e-01,2.902545760763e-02,"[3.1048308636448194, -4.445030493713144, -5.488883604040238, -0.06952614468180278, 6.964777891517327]"
238,9520,3.113820478383e-02,9.498941648767e-01,5.434735903472e-01,2.902545760763e-02,"[3.1048308636448194, -4.445030493713144, -5.488883604040238, -0.06952614468180278, 6.964777891517327]"
239,9560,2.988329836034e-02,9.150434737682e-01,4.998761638825e-01,2.902545760763e-02,"[3.1048308636448194, -4.445030493713144, -5.488883604040238, -0.06952614468180278, 6.964777891517327]"
240,9600,3.041239728018e-02,1.009128854756e+00,5.723303537059e-01,2.902545760763e-02,"[3.1048308636448194, -4.445030493713144, -5.488883604040238, -0.06952614468180278, 6.964777891517327]"
241,9640,2.870340106302e-02,1.023940905891e+00,6.505266033450e-01,2.870340106302e-02,"[3.1074028300674246, -4.408541060051213, -5.489428168941366, 0.03327427308311137, 6.963788248617831]"
242,9680,3.116825055015e-02,9.810138113081e-01,5.517575554528e-01,2.870340106302e-02,"[3.1074028300674246, -4.408541060051213, -5.489428168941366, 0.03327427308311137, 6.963788248617831]"
243,9720,3.042875703334e-02,9.593757403876e-01,5.658273413008e-01,2.870340106302e-02,"[3.1074028300674246, -4.408541060051213, -5.489428168941366, 0.03327427308311137, 6.963788248617831]"
244,9760,2.906944405200e-02,1.052757213071e+00,6.549295868057e-01,2.870340106302e-02,"[3.1074028300674246, -4.408541060051213, -5.489428168941366, 0.03327427308311137, 6.963788248617831]"
245,9800,2.832807112904e-02,8.115133576983e-01,5.307723128687e-01,2.832807112904e-02,"[3.155468018047116, -4.456694977159815, -5.449480390709081, 0.08722579542149461, 6.988475322388197]"
246,9840,2.912303656640e-02,1.003570655665e+00,6.736323912972e-01,2.832807112904e-02,"[3.155468018047116, -4.456694977159815, -5.449480390709081, 0.08722579542149461, 6.988475322388197]"
247,9880,2.879703630055e-02,9.582019528957e-01,5.587122785908e-01,2.832807112904e-02,"[3.155468018047116, -4.456694977159815, -5.449480390709081, 0.08722579542149461, 6.988475322388197]"
248,9920,2.782108252716e-02,8.535397096239e-01,5.890934541768e-01,2.782108252716e-02,"[3.107989643332794, -4.438381402593458, -5.462283644101735, 0.00939567985033015, 6.982263093208272]"
249,9960,3.015617460916e-02,9.970178563741e-01,6.383214211271e-01,2.782108252716e-02,"[3.107989643332794, -4.438381402593458, -5.462283644101735, 0.00939567985033015, 6.982263093208272]"
250,10000,2.888202312412e-02,9.659139325221e-01,6.492126321240e-01,2.782108252716e-02,"[3.107989643332794, -4.438381402593458, -5.462283644101735, 0.00939567985033015, 6.982263093208272]"
251,10040,2.824009865467e-02,9.784093329154e-01,7.085471741630e-01,2.782108252716e-02,"[3.107989643332794, -4.438381402593458, -5.462283644101735, 0.00939567985033015, 6.982263093208272]"
252,10080,2.761014686025e-02,9.380260526915e-01,6.440271228884e-01,2.761014686025e-02,"[3.1219244780446447, -4.416459404892134, -5.464535606832668, -0.006962565984377847, 6.9822989286246075]"
253,10120,2.753291155499e-02,1.018092914150e+00,7.614165178007e-01,2.753291155499e-02,"[3.1331960092247213, -4.428447866764595, -5.468805011982568, -0.02761641254293856, 6.978220667453562]"
254,10160,2.767246422141e-02,9.382466390740e-01,7.506955472539e-01,2.753291155499e-02,"[3.1331960092247213, -4.428447866764595, -5.468805011982568, -0.02761641254293856, 6.978220667453562]"
255,10200,2.755645692957e-02,9.391023440486e-01,7.002903382392e-01,2.753291155499e-02,"[3.1331960092247213, -4.428447866764595, -5.468805011982568, -0.02761641254293856, 6.978220667453562]"
256,10240,2.744928223256e-02,7.785176964389e-01,6.262755922708e-01,2.744928223256e-02,"[3.1386608126364908, -4.422346322154715, -5.466609329118426, -0.017080188408626677, 6.981276931642594]"
257,10280,2.744095807104e-02,8.001320346309e-01,6.081629868328e-01,2.744095807104e-02,"[3.1362644714749046, -4.416749417315417, -5.464133755235903, -0.0054858587993006636, 6.982874163108725]"
258,10320,2.721224900041e-02,9.739366932672e-01,7.090060045303e-01,2.721224900041e-02,"[3.1338097644982876, -4.430271729784836, -5.4399886956477115, -0.005077634112976764, 6.980490236109592]"
259,10360,2.722198124627e-02,1.107508813899e+00,7.421524970273e-01,2.721224900041e-02,"[3.1338097644982876, -4.430271729784836, -5.4399886956477115, -0.005077634112976764, 6.980490236109592]"
260,10400,2.736757355870e-02,9.022830770336e-01,6.597863270845e-01,2.721224900041e-02,"[3.1338097644982876, -4.430271729784836, -5.4399886956477115, -0.005077634112976764, 6.980490236109592]"
261,10440,2.728524863100e-02,8.489415049280e-01,6.734301148199e-01,2.721224900041e-02,"[3.1338097644982876, -4.430271729784836, -5.4399886956477115, -0.005077634112976764, 6.980490236109592]"
262,10480,2.726155404015e-02,9.491528699951e-01,6.728732810093e-01,2.721224900041e-02,"[3.1338097644982876, -4.430271729784836, -5.4399886956477115, -0.005077634112976764, 6.980490236109592]"
263,10520,2.722907884325e-02,8.958124741105e-01,7.487682499321e-01,2.721224900041e-02,"[3.1338097644982876, -4.430271729784836, -5.4399886956477115, -0.005077634112976764, 6.980490236109592]"
264,10560,2.720544522385e-02,7.632355893554e-01,5.907730292586e-01,2.720544522385e-02,"[3.133812598925887, -4.439579955563906, -5.4419454531887, -0.008958514670731912, 6.980915244328971]"
265,10600,2.721762063083e-02,7.858377247340e-01,6.232484961098e-01,2.720544522385e-02,"[3.133812598925887, -4.439579955563906, -5.4419454531887, -0.008958514670731912, 6.980915244328971]"
266,10640,2.720772474176e-02,8.393000751529e-01,6.617452081137e-01,2.720544522385e-02,"[3.133812598925887, -4.439579955563906, -5.4419454531887, -0.008958514670731912, 6.980915244328971]"
267,10680,2.720985428983e-02,8.447521355991e-01,6.572263725273e-01,2.720544522385e-02,"[3.133812598925887, -4.439579955563906, -5.4419454531887, -0.008958514670731912, 6.980915244328971]"
268,10720,2.720647789121e-02,8.252224286893e-01,6.775663651825e-01,2.720544522385e-02,"[3.133812598925887, -4.439579955563906, -5.4419454531887, -0.008958514670731912, 6.980915244328971]"
269,10760,2.720394419959e-02,7.640065466150e-01,6.461027982789e-01,2.720394419959e-02,"[3.133744454319545, -4.439326590064645, -5.4391899752578095, -0.011449587578356405, 6.981187319220069]"
270,10800,2.720530854393e-02,8.500798119753e-01,6.117446371604e-01,2.720394419959e-02,"[3.133744454319545, -4.439326590064645, -5.4391899752578095, -0.011449587578356405, 6.981187319220069]"
271,10840,2.720625669305e-02,6.654562801767e-01,5.910607330043e-01,2.720394419959e-02,"[3.133744454319545, -4.439326590064645, -5.4391899752578095, -0.011449587578356405, 6.981187319220069]"
272,10880,2.716422290920e-02,8.706710985895e-01,6.790225260188e-01,2.716422290920e-02,"[3.1388158409233355, -4.439334231357366, -5.435621016599939, -0.002848024806387321, 6.981261346291691]"
273,10920,2.160605532257e-02,7.499946058902e-01,6.247729805671e-01,2.160605532257e-02,"[3.1140490254519326, -0.08215176107273336, -0.1619947182846726, 0.03497018377345035, 6.953369053724472]"
274,10960,2.574702261720e-01,1.109240566889e+00,4.178972611108e-01,2.160605532257e-02,"[3.1140490254519326, -0.08215176107273336, -0.1619947182846726, 0.03497018377345035, 6.953369053724472]"
275,11000,1.433717219286e-01,1.153517698172e+00,4.580633366231e-01,2.160605532257e-02,"[3.1140490254519326, -0.08215176107273336, -0.1619947182846726, 0.03497018377345035, 6.953369053724472]"
276,11040,9.155996271934e-02,1.086391778557e+00,4.164168160865e-01,2.160605532257e-02,"[3.1140490254519326, -0.08215176107273336, -0.1619947182846726, 0.03497018377345035, 6.953369053724472]"
277,11080,4.437565614467e-02,9.626393780020e-01,4.449899859775e-01,2.160605532257e-02,"[3.1140490254519326, -0.08215176107273336, -0.1619947182846726, 0.03497018377345035, 6.953369053724472]"
278,11120,8.730788088747e-02,1.113694592595e+00,4.401476906115e-01,2.160605532257e-02,"[3.1140490254519326, -0.08215176107273336, -0.1619947182846726, 0.03497018377345035, 6.953369053724472]"
279,11160,5.274280652864e-01,1.083642138570e+00,2.981460266217e-01,2.160605532257e-02,"[3.1140490254519326, -0.08215176107273336, -0.1619947182846726, 0.03497018377345035, 6.953369053724472]"
280,11200,3.806874312833e-02,1.027692949007e+00,4.535817115412e-01,2.160605532257e-02,"[3.1140490254519326, -0.08215176107273336, -0.1619947182846726, 0.03497018377345035, 6.953369053724472]"
281,11240,9.813313435374e-02,1.068436593287e+00,4.087212996869e-01,2.160605532257e-02,"[3.1140490254519326, -0.08215176107273336, -0.1619947182846726, 0.03497018377345035, 6.953369053724472]"
282,11280,5.959070393783e-02,1.064851543790e+00,4.689892122669e-01,2.160605532257e-02,"[3.1140490254519326, -0.08215176107273336, -0.1619947182846726, 0.03497018377345035, 6.953369053724472]"
283,11320,2.396938310717e-01,1.078830934128e+00,4.309084172497e-01,2.160605532257e-02,"[3.1140490254519326, -0.08215176107273336, -0.1619947182846726, 0.03497018377345035, 6.953369053724472]"
284,11360,1.976391215923e-01,1.009982977287e+00,4.411062263070e-01,2.160605532257e-02,"[3.1140490254519326, -0.08215176107273336, -0.1619947182846726, 0.03497018377345035, 6.953369053724472]"
285,11400,1.185005783182e-01,9.234544076689e-01,4.382700079855e-01,2.160605532257e-02,"[3.1140490254519326, -0.08215176107273336, -0.1619947182846726, 0.03497018377345035, 6.953369053724472]"
286,11440,4.384697472158e-02,9.826630344169e-01,4.592003587466e-01,2.160605532257e-02,"[3.1140490254519326, -0.08215176107273336, -0.1619947182846726, 0.03497018377345035, 6.953369053724472]"
287,11480,6.076521508728e-02,1.029537979084e+00,4.836243572304e-01,2.160605532257e-02,"[3.1140490254519326, -0.08215176107273336, -0.1619947182846726, 0.03497018377345035, 6.953369053724472]"
288,11520,1.232543428863e-01,1.125148596239e+00,4.857544876086e-01,2.160605532257e-02,"[3.1140490254519326, -0.08215176107273336, -0.1619947182846726, 0.03497018377345035, 6.953369053724472]"
289,11560,9.503205921918e-02,1.064562196228e+00,4.683867171812e-01,2.160605532257e-02,"[3.1140490254519326, -0.08215176107273336, -0.1619947182846726, 0.03497018377345035, 6.953369053724472]"
290,11600,1.049073725856e-01,1.052578155696e+00,4.692050948493e-01,2.160605532257e-02,"[3.1140490254519326, -0.08215176107273336, -0.1619947182846726, 0.03497018377345035, 6.953369053724472]"
291,11640,2.997906264116e-02,1.097061270415e+00,4.298906010687e-01,2.160605532257e-02,"[3.1140490254519326, -0.08215176107273336, -0.1619947182846726, 0.03497018377345035, 6.953369053724472]"
292,11680,1.278881283748e-01,1.091625995229e+00,4.270839472640e-01,2.160605532257e-02,"[3.1140490254519326, -0.08215176107273336, -0.1619947182846726, 0.03497018377345035, 6.953369053724472]"
293,11720,4.128080820780e-02,1.015141389060e+00,5.272016468685e-01,2.160605532257e-02,"[3.1140490254519326, -0.08215176107273336, -0.1619947182846726, 0.03497018377345035, 6.953369053724472]"
294,11760,9.824409291280e-02,1.023361629390e+00,4.625676939357e-01,2.160605532257e-02,"[3.1140490254519326, -0.08215176107273336, -0.1619947182846726, 0.03497018377345035, 6.953369053724472]"
295,11800,2.851084827893e-02,1.138481617112e+00,4.442875175949e-01,2.160605532257e-02,"[3.1140490254519326, -0.08215176107273336, -0.1619947182846726, 0.03497018377345035, 6.953369053724472]"
296,11840,3.248906051832e-02,1.021586319962e+00,5.002177967384e-01,2.160605532257e-02,"[3.1140490254519326, -0.08215176107273336, -0.1619947182846726, 0.03497018377345035, 6.953369053724472]"
297,11880,2.485105126557e-02,1.060146412323e+00,5.491757230946e-01,2.160605532257e-02,"[3.1140490254519326, -0.08215176107273336, -0.1619947182846726, 0.03497018377345035, 6.953369053724472]"
298,11920,4.574108144614e-02,1.076940218194e+00,4.625491509294e-01,2.160605532257e-02,"[3.1140490254519326, -0.08215176107273336, -0.1619947182846726, 0.03497018377345035, 6.953369053724472]"
299,11960,1.968337711986e-02,1.066844602282e+00,4.522135582977e-01,1.968337711986e-02,"[3.1018110189351553, -0.029338457053422584, -0.1456714432979218, 0.03150882704547491, 6.951885604126715]"
300,12000,2.692612896786e-02,8.602102149136e-01,4.915887305878e-01,1.968337711986e-02,"[3.1018110189351553, -0.029338457053422584, -0.1456714432979218, 0.03150882704547491, 6.951885604126715]"
301,12040,2.298809942024e-02,1.018824436588e+00,5.798495414855e-01,1.968337711986e-02,"[3.1018110189351553, -0.029338457053422584, -0.1456714432979218, 0.03150882704547491, 6.951885604126715]"
302,12080,2.218426860903e-02,9.720483366244e-01,5.219116739558e-01,1.968337711986e-02,"[3.1018110189351553, -0.029338457053422584, -0.1456714432979218, 0.03150882704547491, 6.951885604126715]"
303,12120,2.060242217917e-02,9.303071470576e-01,5.879462566533e-01,1.968337711986e-02,"[3.1018110189351553, -0.029338457053422584, -0.1456714432979218, 0.03150882704547491, 6.951885604126715]"
304,12160,1.927809362792e-02,9.939089764755e-01,6.099121832728e-01,1.927809362792e-02,"[3.0921288667690514, -0.007526713992538875, -0.13226312658241549, 0.031209205406121376, 6.95167053438026]"
305,12200,1.968785325712e-02,1.057037125527e+00,5.416110997144e-01,1.927809362792e-02,"[3.0921288667690514, -0.007526713992538875, -0.13226312658241549, 0.031209205406121376, 6.95167053438026]"
306,12240,1.968605551960e-02,9.612772862679e-01,5.065077961862e-01,1.927809362792e-02,"[3.0921288667690514, -0.007526713992538875, -0.13226312658241549, 0.031209205406121376, 6.95167053438026]"
307,12280,1.988042751653e-02,9.164148018952e-01,6.034981923262e-01,1.927809362792e-02,"[3.0921288667690514, -0.007526713992538875, -0.13226312658241549, 0.031209205406121376, 6.95167053438026]"
308,12320,1.907293940967e-02,9.449723843680e-01,6.340034997209e-01,1.907293940967e-02,"[3.0954402025904093, -0.00254889652429538, -0.13127570502644895, 0.03159348174040529, 6.951651776923695]"
309,12360,1.879203652880e-02,9.949384500193e-01,7.244472162989e-01,1.879203652880e-02,"[3.0971972854151586, -0.02387169430865491, -0.12312671725497748, 0.03161874052149659, 6.951634805222493]"
310,12400,1.874573750380e-02,1.141892541755e+00,6.593373124996e-01,1.874573750380e-02,"[3.098462385048978, -0.03922410871339377, -0.11725944605951802, 0.03163692684388232, 6.951622585597628]"
311,12440,1.742258917236e-02,1.061103983119e+00,8.112800092177e-01,1.742258917236e-02,"[3.1204637152299277, 0.025763979664406356, -0.07705133286672104, 0.09199194398289068, 6.957844007897807]"
312,12480,1.673103650317e-02,9.490896762731e-01,4.786587561320e-01,1.673103650317e-02,"[3.1208540047527826, 0.016234150576542594, -0.0800366481662606, 0.050667547435656456, 6.950798147051274]"
313,12520,1.714895710857e-02,9.153764935499e-01,6.422123291620e-01,1.673103650317e-02,"[3.1208540047527826, 0.016234150576542594, -0.0800366481662606, 0.050667547435656456, 6.950798147051274]"
314,12560,1.593579153994e-02,1.070939112891e+00,7.035922398435e-01,1.593579153994e-02,"[3.120940583281864, -0.009004228450885443, -0.060489065602771896, -0.0017092691045069164, 6.948158141518613]"
315,12600,1.846672315394e-02,1.367744640469e+00,1.367650959894e+00,1.593579153994e-02,"[3.120940583281864, -0.009004228450885443, -0.060489065602771896, -0.0017092691045069164, 6.948158141518613]"
316,12640,1.679356463748e-02,1.035163932621e+00,8.603467814915e-01,1.593579153994e-02,"[3.120940583281864, -0.009004228450885443, -0.060489065602771896, -0.0017092691045069164, 6.948158141518613]"
317,12680,1.620447606230e-02,1.098868693571e+00,6.321684251336e-01,1.593579153994e-02,"[3.120940583281864, -0.009004228450885443, -0.060489065602771896, -0.0017092691045069164, 6.948158141518613]"
318,12720,1.600093885453e-02,1.024056884665e+00,7.733983014080e-01,1.593579153994e-02,"[3.120940583281864, -0.009004228450885443, -0.060489065602771896, -0.0017092691045069164, 6.948158141518613]"
319,12760,1.601581183039e-02,1.181142093013e+00,1.286182069316e+00,1.593579153994e-02,"[3.120940583281864, -0.009004228450885443, -0.060489065602771896, -0.0017092691045069164, 6.948158141518613]"
320,12800,1.664150028288e-02,1.041328608829e+00,9.588696009882e-01,1.593579153994e-02,"[3.120940583281864, -0.009004228450885443, -0.060489065602771896, -0.0017092691045069164, 6.948158141518613]"
321,12840,1.598322897102e-02,1.152497096043e+00,8.481139650021e-01,1.593579153994e-02,"[3.120940583281864, -0.009004228450885443, -0.060489065602771896, -0.0017092691045069164, 6.948158141518613]"
322,12880,1.582992282549e-02,1.279666569050e+00,1.688190998549e+00,1.582992282549e-02,"[3.124408440517659, 0.0037242665988467955, -0.06160897959437606, 0.01933035332350763, 6.957125825424193]"
323,12920,1.597738478720e-02,1.095173494505e+00,6.568537058019e-01,1.582992282549e-02,"[3.124408440517659, 0.0037242665988467955, -0.06160897959437606, 0.01933035332350763, 6.957125825424193]"
324,12960,1.529914426014e-02,1.234639218170e+00,1.374679720525e+00,1.529914426014e-02,"[3.134426964503561, 0.000774175909696688, -0.050918841334568865, 0.006318474909835059, 6.980257049092282]"
325,13000,1.551905824713e-02,1.022941670857e+00,5.891082849568e-01,1.529914426014e-02,"[3.134426964503561, 0.000774175909696688, -0.050918841334568865, 0.006318474909835059, 6.980257049092282]"
326,13040,1.541177939927e-02,1.074270687042e+00,9.483559070287e-01,1.529914426014e-02,"[3.134426964503561, 0.000774175909696688, -0.050918841334568865, 0.006318474909835059, 6.980257049092282]"
327,13080,1.532725029289e-02,9.236669069493e-01,5.502278770362e-01,1.529914426014e-02,"[3.134426964503561, 0.000774175909696688, -0.050918841334568865, 0.006318474909835059, 6.980257049092282]"
328,13120,1.540654721056e-02,1.024850691477e+00,5.644561415364e-01,1.529914426014e-02,"[3.134426964503561, 0.000774175909696688, -0.050918841334568865, 0.006318474909835059, 6.980257049092282]"
329,13160,1.516311578877e-02,1.078265853236e+00,6.473530155557e-01,1.516311578877e-02,"[3.1351593992816187, -0.004583747081688553, -0.04419599477560152, 0.002828753330111098, 6.985721440178008]"
330,13200,1.513574161385e-02,9.545825437204e-01,5.706422480487e-01,1.513574161385e-02,"[3.1358957532239553, -0.013609667964455164, -0.036958188913100445, 0.019333530188142073, 6.988951934014378]"
331,13240,1.519596524977e-02,9.807243337426e-01,5.525817614166e-01,1.513574161385e-02,"[3.1358957532239553, -0.013609667964455164, -0.036958188913100445, 0.019333530188142073, 6.988951934014378]"
332,13280,1.517133878519e-02,8.399091194744e-01,4.838611460815e-01,1.513574161385e-02,"[3.1358957532239553, -0.013609667964455164, -0.036958188913100445, 0.019333530188142073, 6.988951934014378]"
333,13320,1.509148386354e-02,8.221931640010e-01,4.906128803448e-01,1.509148386354e-02,"[3.1355028406159993, -0.010441758678870117, -0.03746641084110154, -0.008261437244559966, 6.987627678136763]"
334,13360,1.533594623316e-02,1.012044891167e+00,6.113972277535e-01,1.509148386354e-02,"[3.1355028406159993, -0.010441758678870117, -0.03746641084110154, -0.008261437244559966, 6.987627678136763]"
335,13400,1.499808067803e-02,7.866018479737e-01,5.226843988560e-01,1.499808067803e-02,"[3.135855083573039, 0.016379047416633506, -0.028424861650562558, -0.0006626359801964118, 6.99507801154658]"
336,13440,1.504193454775e-02,8.340250176205e-01,5.097106821869e-01,1.499808067803e-02,"[3.135855083573039, 0.016379047416633506, -0.028424861650562558, -0.0006626359801964118, 6.99507801154658]"
337,13480,1.491773677206e-02,9.970991512675e-01,5.950594790431e-01,1.491773677206e-02,"[3.1341062023197686, 0.007588142936240744, -0.02544620074135264, 0.0025660607928690293, 7.000581437457362]"
338,13520,1.509320728405e-02,1.045995015906e+00,5.655277758548e-01,1.491773677206e-02,"[3.1341062023197686, 0.007588142936240744, -0.02544620074135264, 0.0025660607928690293, 7.000581437457362]"
339,13560,1.486015823858e-02,9.672217382667e-01,5.391365676900e-01,1.486015823858e-02,"[3.144011674666607, -0.0021132698649715745, -0.019030169118366986, 0.0003530737234578307, 6.99381625418198]"
340,13600,1.493503493484e-02,8.402908313698e-01,5.327779531067e-01,1.486015823858e-02,"[3.144011674666607, -0.0021132698649715745, -0.019030169118366986, 0.0003530737234578307, 6.99381625418198]"
341,13640,1.487554912744e-02,9.318096559348e-01,5.333879899124e-01,1.486015823858e-02,"[3.144011674666607, -0.0021132698649715745, -0.019030169118366986, 0.0003530737234578307, 6.99381625418198]"
342,13680,1.497952821837e-02,8.144862302189e-01,5.044234639832e-01,1.486015823858e-02,"[3.144011674666607, -0.0021132698649715745, -0.019030169118366986, 0.0003530737234578307, 6.99381625418198]"
343,13720,1.486627795389e-02,9.652699722119e-01,5.569170353278e-01,1.486015823858e-02,"[3.144011674666607, -0.0021132698649715745, -0.019030169118366986, 0.0003530737234578307, 6.99381625418198]"
344,13760,1.483887470028e-02,8.056600227163e-01,4.937630752873e-01,1.483887470028e-02,"[3.141975497331664, -0.008603905401668565, -0.006165909127195935, -0.0015515252738402706, 6.987473524103564]"
345,13800,1.484759675120e-02,9.547313643148e-01,5.195353163152e-01,1.483887470028e-02,"[3.141975497331664, -0.008603905401668565, -0.006165909127195935, -0.0015515252738402706, 6.987473524103564]"
346,13840,1.484066578648e-02,8.828269118025e-01,4.967034658083e-01,1.483887470028e-02,"[3.141975497331664, -0.008603905401668565, -0.006165909127195935, -0.0015515252738402706, 6.987473524103564]"
347,13880,1.485972206333e-02,8.578558587711e-01,5.322305169514e-01,1.483887470028e-02,"[3.141975497331664, -0.008603905401668565, -0.006165909127195935, -0.0015515252738402706, 6.987473524103564]"
348,13920,1.484683388695e-02,8.207522034716e-01,5.694007600848e-01,1.483887470028e-02,"[3.141975497331664, -0.008603905401668565, -0.006165909127195935, -0.0015515252738402706, 6.987473524103564]"
349,13960,1.482728088092e-02,8.544309918487e-01,5.468982876300e-01,1.482728088092e-02,"[3.1410212620631417, -0.006851520680736015, -0.005345467104272953, -0.0012924621175881888, 6.987916243435831]"
350,14000,1.482448292566e-02,9.210570410858e-01,5.988671122229e-01,1.482448292566e-02,"[3.1398125312317076, -0.003975913997915279, -0.0024541260846220516, -0.0009846035014391488, 6.985649759253365]"
351,14040,1.482235669287e-02,7.884053791356e-01,6.123446001725e-01,1.482235669287e-02,"[3.138586681245548, -0.0015668876238118436, -0.007220817432269405, -0.00562023155113592, 6.988439125717649]"
352,14080,1.483478799252e-02,1.025432773373e+00,5.722080748275e-01,1.482235669287e-02,"[3.138586681245548, -0.0015668876238118436, -0.007220817432269405, -0.00562023155113592, 6.988439125717649]"
353,14120,1.481176897502e-02,9.314605150053e-01,5.840767221995e-01,1.481176897502e-02,"[3.1399975436332688, -0.004108429203526452, -0.006464807649453545, -0.005295638083935248, 6.991615106646511]"
354,14160,1.480666549498e-02,8.331092375173e-01,5.311386480663e-01,1.480666549498e-02,"[3.141466029108636, -0.005615320177053853, -0.007171795858367008, -0.0068371352185962395, 6.99687533627275]"
355,14200,1.480893742119e-02,9.494235042330e-01,6.130295484185e-01,1.480666549498e-02,"[3.141466029108636, -0.005615320177053853, -0.007171795858367008, -0.0068371352185962395, 6.99687533627275]"
356,14240,1.481165567023e-02,9.883508774601e-01,6.409777648063e-01,1.480666549498e-02,"[3.141466029108636, -0.005615320177053853, -0.007171795858367008, -0.0068371352185962395, 6.99687533627275]"
357,14280,1.480323147435e-02,1.076158016989e+00,5.447298640382e-01,1.480323147435e-02,"[3.141198705898189, -0.004062833250936003, -0.006853040635673766, -0.005922752603569311, 6.995576206727185]"
358,14320,1.479614205861e-02,1.050241438629e+00,5.934883263754e-01,1.479614205861e-02,"[3.1415992970768607, -0.002178521482305692, -0.006831612776106851, -0.00473395425314254, 6.996961533034011]"
359,14360,1.479269483981e-02,8.110376947755e-01,5.182825792325e-01,1.479269483981e-02,"[3.1418877227255044, -0.000821817008891868, -0.006816184717218671, -0.0038780194408352653, 6.997958967974926]"
360,14400,1.479107193161e-02,7.803467363960e-01,5.556697814343e-01,1.479107193161e-02,"[3.142095389192528, 0.00015501021196608522, -0.006805076514819182, -0.0032617463759740273, 6.998677121132384]"
361,14440,1.478680653819e-02,9.751891722075e-01,6.056407708226e-01,1.478680653819e-02,"[3.14301602164496, 0.0008685009988113456, -0.0069339765781625045, 0.0011817754251109746, 7.003392427730715]"
362,14480,1.478703199819e-02,8.581488965580e-01,5.416419012765e-01,1.478680653819e-02,"[3.14301602164496, 0.0008685009988113456, -0.0069339765781625045, 0.0011817754251109746, 7.003392427730715]"
363,14520,1.478886687569e-02,7.652286679897e-01,5.288211917733e-01,1.478680653819e-02,"[3.14301602164496, 0.0008685009988113456, -0.0069339765781625045, 0.0011817754251109746, 7.003392427730715]"
364,14560,1.477990557833e-02,8.789673619814e-01,5.248449147262e-01,1.477990557833e-02,"[3.1426181200021697, 0.0011116194076258423, -0.004161942316789437, 0.0015253557120114532, 7.004777308504335]"
365,14600,1.477907778950e-02,8.786403611368e-01,5.588147549490e-01,1.477907778950e-02,"[3.142717171988454, 0.000992946022842877, -0.00333458228272898, 0.0010426679620466998, 7.004472827458288]"
366,14640,1.477752915934e-02,8.860323321719e-01,5.790732113811e-01,1.477752915934e-02,"[3.1424351759144864, 0.0008959000741095193, -0.0018933200750361296, -0.0019797448729714255, 7.004267302581392]"
367,14680,1.477797134689e-02,8.606709637810e-01,5.777662351043e-01,1.477752915934e-02,"[3.1424351759144864, 0.0008959000741095193, -0.0018933200750361296, -0.0019797448729714255, 7.004267302581392]"
368,14720,1.477655620296e-02,9.032926744770e-01,5.325455131173e-01,1.477655620296e-02,"[3.142125259431966, 0.0012420449750654024, 7.482155365094343e-05, -0.0032324738150011807, 7.005745184655657]"
369,14760,1.477587747202e-02,8.997371007132e-01,4.986171520758e-01,1.477587747202e-02,"[3.1419661768728977, 0.0008909817626496417, 0.0007302504946704381, -0.0028031764173039406, 7.005542645693957]"
370,14800,1.477500833196e-02,9.074967956401e-01,5.686885030764e-01,1.477500833196e-02,"[3.1417252565213043, 0.0007442527042488835, 0.001131595390069187, -0.0019508731656355742, 7.009086794144857]"
371,14840,1.477488507024e-02,9.549548266570e-01,4.900242090705e-01,1.477488507024e-02,"[3.1417665826456225, 0.0005556097337315594, 0.0014952620542437638, -0.0017058637069698101, 7.006110364928358]"
372,14880,1.477457935233e-02,9.303289324369e-01,5.754644053846e-01,1.477457935233e-02,"[3.1417053432006052, 0.0004961330422268706, 0.0017062960141120524, -0.0011383463264954853, 7.006624118974872]"
373,14920,1.477445458308e-02,8.513539777016e-01,5.879496479857e-01,1.477445458308e-02,"[3.1416612508001927, 0.0004533098243434946, 0.0018582404652172202, -0.0007297338125539716, 7.006994021888362]"
374,14960,1.477441417760e-02,8.786861763192e-01,5.617086795571e-01,1.477441417760e-02,"[3.141629504271896, 0.0004224771074674639, 0.001967640470012941, -0.00043553280251608167, 7.0072603519860746]"
375,15000,1.477441070938e-02,8.644391297879e-01,5.775402859411e-01,1.477441070938e-02,"[3.141606646771522, 0.0004002775513167218, 0.00204640847346586, -0.00022370807528880094, 7.007452109656428]"
376,15040,1.477442149562e-02,8.915632397483e-01,5.420223237460e-01,1.477441070938e-02,"[3.141606646771522, 0.0004002775513167218, 0.00204640847346586, -0.00022370807528880094, 7.007452109656428]"
377,15080,1.477445972231e-02,7.368897685948e-01,5.719450267285e-01,1.477441070938e-02,"[3.141606646771522, 0.0004002775513167218, 0.00204640847346586, -0.00022370807528880094, 7.007452109656428]"
378,15120,1.477390120640e-02,8.173726317870e-01,5.903224342415e-01,1.477390120640e-02,"[3.1415669214017115, 0.001028633907691861, -0.00037607932856006075, -6.753672894047025e-05, 7.006957703714869]"
379,15160,1.477408569615e-02,8.713355309070e-01,5.453430017430e-01,1.477390120640e-02,"[3.1415669214017115, 0.001028633907691861, -0.00037607932856006075, -6.753672894047025e-05, 7.006957703714869]"
380,15200,1.477396778502e-02,8.228482621039e-01,5.414306283431e-01,1.477390120640e-02,"[3.1415669214017115, 0.001028633907691861, -0.00037607932856006075, -6.753672894047025e-05, 7.006957703714869]"
381,15240,1.477391127051e-02,8.345760221586e-01,5.997702772919e-01,1.477390120640e-02,"[3.1415669214017115, 0.001028633907691861, -0.00037607932856006075, -6.753672894047025e-05, 7.006957703714869]"
382,15280,1.477435779790e-02,7.746036532458e-01,5.282326316650e-01,1.477390120640e-02,"[3.1415669214017115, 0.001028633907691861, -0.00037607932856006075, -6.753672894047025e-05, 7.006957703714869]"
383,15320,1.477382670863e-02,9.460227506229e-01,5.238867902797e-01,1.477382670863e-02,"[3.141577669615114, 0.0007827526077249356, -0.0005337234128015634, 0.00025906906079859306, 7.007285528190063]"
384,15360,1.477382058505e-02,9.404739195562e-01,6.035060875809e-01,1.477382058505e-02,"[3.141578769934141, 0.0007870863259256391, 3.523921152423981e-05, 0.0004176789127033183, 7.006803270544936]"
385,15400,1.477379624841e-02,9.247350972838e-01,8.458927984644e-01,1.477379624841e-02,"[3.141588941712847, 0.000768096530731783, 0.0001945356298715362, 0.0002030326105983035, 7.0071511726506355]"
386,15440,1.477387625206e-02,8.462454716444e-01,6.715471428132e-01,1.477379624841e-02,"[3.141588941712847, 0.000768096530731783, 0.0001945356298715362, 0.0002030326105983035, 7.0071511726506355]"
387,15480,1.477285291321e-02,9.497458876011e-01,7.088941501592e-01,1.477285291321e-02,"[3.1408039111725587, 0.00030763288353434926, -0.00018255918654054527, 0.0004790794199082502, 7.008199774383112]"
388,15520,1.477260068818e-02,9.178616723510e-01,1.109796917789e+00,1.477260068818e-02,"[3.140397451920503, 0.0002956505042541163, -0.0004283496518492061, 0.0005460066845612921, 7.006723981769234]"
389,15560,1.477256342781e-02,9.529325383954e-01,6.130979701308e-01,1.477256342781e-02,"[3.140556532215561, 0.00015879077032349462, 0.00010245268145139493, 7.94674140856572e-05, 7.007090636134132]"
390,15600,1.477269174032e-02,9.265431582210e-01,7.577762730579e-01,1.477256342781e-02,"[3.140556532215561, 0.00015879077032349462, 0.00010245268145139493, 7.94674140856572e-05, 7.007090636134132]"
391,15640,1.477252628231e-02,8.492486341447e-01,7.134466587779e-01,1.477252628231e-02,"[3.1402524280514212, 0.0003506918034965141, -0.0004092486432622699, 0.00017923405974790027, 7.006754922953052]"
392,15680,1.477271273859e-02,8.964790937419e-01,5.197441094015e-01,1.477252628231e-02,"[3.1402524280514212, 0.0003506918034965141, -0.0004092486432622699, 0.00017923405974790027, 7.006754922953052]"
393,15720,1.477257114148e-02,8.510879248693e-01,6.070573479516e-01,1.477252628231e-02,"[3.1402524280514212, 0.0003506918034965141, -0.0004092486432622699, 0.00017923405974790027, 7.006754922953052]"
394,15760,1.477253199952e-02,9.113934146011e-01,6.605222576382e-01,1.477252628231e-02,"[3.1402524280514212, 0.0003506918034965141, -0.0004092486432622699, 0.00017923405974790027, 7.006754922953052]"
395,15800,1.477252885487e-02,8.396213205120e-01,5.892746504514e-01,1.477252628231e-02,"[3.1402524280514212, 0.0003506918034965141, -0.0004092486432622699, 0.00017923405974790027, 7.006754922953052]"
396,15840,1.477247733329e-02,8.197036196558e-01,6.137601939450e-01,1.477247733329e-02,"[3.1402370678372966, 0.0003329467088426405, -0.0003037783944160445, 0.00011729168763221641, 7.0071647748404695]"
397,15880,1.477250136965e-02,9.153418701650e-01,6.199445030164e-01,1.477247733329e-02,"[3.1402370678372966, 0.0003329467088426405, -0.0003037783944160445, 0.00011729168763221641, 7.0071647748404695]"
398,15920,1.477248624685e-02,8.086949811338e-01,5.966391837178e-01,1.477247733329e-02,"[3.1402370678372966, 0.0003329467088426405, -0.0003037783944160445, 0.00011729168763221641, 7.0071647748404695]"
399,15960,1.477245763353e-02,9.854639288513e-01,6.634274333782e-01,1.477245763353e-02,"[3.139987714455545, 0.0002872927759551711, -0.00032705812811434197, 0.0001287423498907183, 7.00700138918585]"
400,16000,1.477246127481e-02,9.339991783137e-01,6.315666823198e-01,1.477245763353e-02,"[3.139987714455545, 0.0002872927759551711, -0.00032705812811434197, 0.0001287423498907183, 7.00700138918585]"
401,16040,1.477245738919e-02,8.772740805889e-01,6.503088275837e-01,1.477245738919e-02,"[3.1400108321831106, 0.0002865013002446506, -0.0003580215384073328, 0.0001282370265763089, 7.007059887687164]"
402,16080,1.477248633466e-02,8.947989776123e-01,7.009967648028e-01,1.477245738919e-02,"[3.1400108321831106, 0.0002865013002446506, -0.0003580215384073328, 0.0001282370265763089, 7.007059887687164]"
403,16120,1.477244982692e-02,6.870889248161e-01,5.485070848681e-01,1.477244982692e-02,"[3.1401769769285326, 0.00031977602679262587, 8.158594301003346e-05, 0.0001609324806411297, 7.00734498429601]"
404,16160,1.477242958414e-02,7.463527626665e-01,5.866412933966e-01,1.477242958414e-02,"[3.1400370508944766, 0.0002530888824212484, -0.00013858129956923122, 0.00012995453864167255, 7.007360014624528]"
405,16200,1.477243381405e-02,8.847516341195e-01,6.790666895081e-01,1.477242958414e-02,"[3.1400370508944766, 0.0002530888824212484, -0.00013858129956923122, 0.00012995453864167255, 7.007360014624528]"
406,16240,1.477242771119e-02,7.956240184014e-01,6.325633984116e-01,1.477242771119e-02,"[3.1400333324729726, 0.00022324290789876177, -8.234645523228835e-05, 0.0001306961982185252, 7.007500684975622]"
407,16280,1.477243120521e-02,8.703273968568e-01,6.279026243493e-01,1.477242771119e-02,"[3.1400333324729726, 0.00022324290789876177, -8.234645523228835e-05, 0.0001306961982185252, 7.007500684975622]"
408,16320,1.477242875921e-02,8.974483405326e-01,6.233136544510e-01,1.477242771119e-02,"[3.1400333324729726, 0.00022324290789876177, -8.234645523228835e-05, 0.0001306961982185252, 7.007500684975622]"
409,16360,1.477242830100e-02,7.338125497142e-01,5.744796486638e-01,1.477242771119e-02,"[3.1400333324729726, 0.00022324290789876177, -8.234645523228835e-05, 0.0001306961982185252, 7.007500684975622]"
410,16400,1.477242451968e-02,6.797371189240e-01,6.003089301464e-01,1.477242451968e-02,"[3.14003865729208, 0.00021511538367279364, 2.5701960282350474e-05, 0.00013074286044602968, 7.007464508580571]"
411,16440,1.477242257328e-02,7.143639704694e-01,5.833630505910e-01,1.477242257328e-02,"[3.1400474757898835, 0.00021452278543062958, 1.716756179083326e-05, 0.0001307888116492477, 7.007387445591286]"
412,16480,1.477242197248e-02,7.952341147711e-01,6.376350216948e-01,1.477242197248e-02,"[3.140053825108302, 0.00021409611469627146, 1.102279487694087e-05, 0.00013082189651556468, 7.007331960239001]"
413,16520,1.477242195493e-02,7.754054188099e-01,5.852936171766e-01,1.477242195493e-02,"[3.1400583966175635, 0.00021378891176753362, 6.598562698938349e-06, 0.0001308457176193129, 7.007292010785355]"
414,16560,1.477242215746e-02,8.726075046991e-01,6.621342947159e-01,1.477242195493e-02,"[3.1400583966175635, 0.00021378891176753362, 6.598562698938349e-06, 0.0001308457176193129, 7.007292010785355]"
415,16600,1.477242197485e-02,9.389496082415e-01,8.814649456084e-01,1.477242195493e-02,"[3.1400583966175635, 0.00021378891176753362, 6.598562698938349e-06, 0.0001308457176193129, 7.007292010785355]"
416,16640,1.477242028973e-02,8.350477963517e-01,6.003066371334e-01,1.477242028973e-02,"[3.140069297452561, 0.00018370743293524177, -1.416317716319612e-05, 0.00012909391776622716, 7.007391554257347]"
417,16680,1.477242181448e-02,8.538344400851e-01,6.716893317164e-01,1.477242028973e-02,"[3.140069297452561, 0.00018370743293524177, -1.416317716319612e-05, 0.00012909391776622716, 7.007391554257347]"
418,16720,1.477241971971e-02,8.167885648453e-01,6.250717603477e-01,1.477241971971e-02,"[3.140083364904235, 0.0001710063639953817, -1.8352144732080856e-05, 0.00012854128679228472, 7.007380207155898]"
419,16760,1.477241886666e-02,8.164913888579e-01,6.714267530544e-01,1.477241886666e-02,"[3.1400909773426777, 0.0001466964340547569, -3.226627151571592e-05, 0.00012781934353591092, 7.0074056723626255]"
420,16800,1.477241834029e-02,8.159788299987e-01,6.398310666131e-01,1.477241834029e-02,"[3.1400808448470676, 0.00015606148186392561, 5.372551705313199e-05, 0.00012945286976788966, 7.007345698102846]"
421,16840,1.477241579219e-02,8.209749013286e-01,6.736631455584e-01,1.477241579219e-02,"[3.140078820071398, 0.0001186121901425073, 6.513109888216101e-05, 0.000128209409118581, 7.007341012315575]"
422,16880,1.477241620660e-02,8.010059322111e-01,7.020142177854e-01,1.477241579219e-02,"[3.140078820071398, 0.0001186121901425073, 6.513109888216101e-05, 0.000128209409118581, 7.007341012315575]"
423,16920,1.477241387984e-02,8.189486333023e-01,6.413552021737e-01,1.477241387984e-02,"[3.1400468790864613, 9.77858349518064e-05, -0.0001423154346515318, -2.4533231313088072e-05, 7.007307764807303]"
424,16960,1.477241620046e-02,8.528768461948e-01,6.554649799759e-01,1.477241387984e-02,"[3.1400468790864613, 9.77858349518064e-05, -0.0001423154346515318, -2.4533231313088072e-05, 7.007307764807303]"
425,17000,1.477241105491e-02,7.890318303836e-01,6.269917503321e-01,1.477241105491e-02,"[3.1400614087461123, 9.477606488680238e-05, 2.273603782962765e-06, 4.333931548812289e-05, 7.007326994852673]"
426,17040,1.477241476436e-02,7.476295776983e-01,6.033818278260e-01,1.477241105491e-02,"[3.1400614087461123, 9.477606488680238e-05, 2.273603782962765e-06, 4.333931548812289e-05, 7.007326994852673]"
427,17080,1.477241228873e-02,6.678522787940e-01,5.291770589559e-01,1.477241105491e-02,"[3.1400614087461123, 9.477606488680238e-05, 2.273603782962765e-06, 4.333931548812289e-05, 7.007326994852673]"
428,17120,1.477241456494e-02,7.347754068498e-01,6.110120239112e-01,1.477241105491e-02,"[3.1400614087461123, 9.477606488680238e-05, 2.273603782962765e-06, 4.333931548812289e-05, 7.007326994852673]"
429,17160,1.477241180366e-02,8.173286905293e-01,6.119753955334e-01,1.477241105491e-02,"[3.1400614087461123, 9.477606488680238e-05, 2.273603782962765e-06, 4.333931548812289e-05, 7.007326994852673]"
430,17200,1.477241193464e-02,5.397102308724e-01,5.010893807873e-01,1.477241105491e-02,"[3.1400614087461123, 9.477606488680238e-05, 2.273603782962765e-06, 4.333931548812289e-05, 7.007326994852673]"
431,17240,1.477241238144e-02,7.793627785887e-01,6.799495396921e-01,1.477241105491e-02,"[3.1400614087461123, 9.477606488680238e-05, 2.273603782962765e-06, 4.333931548812289e-05, 7.007326994852673]"
432,17280,1.477241243137e-02,7.676391059332e-01,5.791356049865e-01,1.477241105491e-02,"[3.1400614087461123, 9.477606488680238e-05, 2.273603782962765e-06, 4.333931548812289e-05, 7.007326994852673]"
433,17320,1.477241145972e-02,7.339051953323e-01,6.044839617175e-01,1.477241105491e-02,"[3.1400614087461123, 9.477606488680238e-05, 2.273603782962765e-06, 4.333931548812289e-05, 7.007326994852673]"
434,17360,1.477241058658e-02,7.939469991218e-01,6.689358283313e-01,1.477241058658e-02,"[3.140058940488162, 9.104219284791418e-05, 4.803460681238668e-07, -2.1429653083031076e-05, 7.007322933381455]"
435,17400,1.477241029136e-02,7.940538825448e-01,6.472723029566e-01,1.477241029136e-02,"[3.1400588677196573, 8.557349434934672e-05, 1.2161518525172395e-05, 7.731826062018618e-06, 7.007317634694157]"
436,17440,1.477241025167e-02,7.072385115506e-01,5.465284910726e-01,1.477241025167e-02,"[3.1400588153263342, 8.163603143037816e-05, 2.0571962694247335e-05, 2.8728091046454396e-05, 7.007313819639303]"
437,17480,1.477241031271e-02,7.514223616751e-01,6.884332312892e-01,1.477241025167e-02,"[3.1400588153263342, 8.163603143037816e-05, 2.0571962694247335e-05, 2.8728091046454396e-05, 7.007313819639303]"
438,17520,1.477241047362e-02,8.499289819973e-01,6.536218539551e-01,1.477241025167e-02,"[3.1400588153263342, 8.163603143037816e-05, 2.0571962694247335e-05, 2.8728091046454396e-05, 7.007313819639303]"
439,17560,1.477241023627e-02,6.118280641821e-01,5.679032772648e-01,1.477241023627e-02,"[3.140058846146851, 8.302049497253968e-05, 1.890440876689547e-05, 1.812423767316264e-05, 7.007313718170866]"
440,17600,1.477241010387e-02,8.656596873063e-01,6.661494172010e-01,1.477241010387e-02,"[3.1400588523777246, 8.145125937178683e-05, 1.2298496374605193e-05, 1.015922617878328e-05, 7.0073120902694965]"
441,17640,1.477241002849e-02,6.794397819874e-01,5.600702231685e-01,1.477241002849e-02,"[3.1400588568639534, 8.032140973924478e-05, 7.5422394521561945e-06, 4.424417902830142e-06, 7.007310918180511]"
442,17680,1.477240998456e-02,7.625344076149e-01,5.859681781148e-01,1.477240998456e-02,"[3.140058860094038, 7.95079180038145e-05, 4.117734467992916e-06, 2.953559441438821e-07, 7.0073100742764405]"
443,17720,1.477240995829e-02,6.295386303995e-01,5.460956499989e-01,1.477240995829e-02,"[3.140058862419699, 7.89222039543047e-05, 1.652090879395355e-06, -2.677568666110225e-06, 7.00730946666551]"
444,17760,1.477240994216e-02,7.642108175642e-01,6.220797231104e-01,1.477240994216e-02,"[3.140058864094175, 7.850048983865764e-05, -1.231725043948888e-07, -4.818074385493182e-06, 7.00730902918564]"
445,17800,1.477240993199e-02,7.393202449303e-01,6.610490739355e-01,1.477240993199e-02,"[3.140058865299798, 7.819685567539177e-05, -1.4013621407238643e-06, -6.359238503448911e-06, 7.007308714200134]"
446,17840,1.477240992541e-02,7.932854111184e-01,6.287495279877e-01,1.477240992541e-02,"[3.140058866167846, 7.797823907784033e-05, -2.3216586788807266e-06, -7.468876668377036e-06, 7.007308487410569]"
447,17880,1.477240992106e-02,6.005737163384e-01,5.117176695885e-01,1.477240992106e-02,"[3.140058866792841, 7.78208351276033e-05, -2.9842721863536677e-06, -8.267816147125286e-06, 7.007308324122082]"
448,17920,1.477240991813e-02,7.059087653217e-01,6.097198114044e-01,1.477240991813e-02,"[3.140058867242837, 7.770750428343263e-05, -3.461353911734185e-06, -8.843052571824025e-06, 7.007308206554372]"
449,17960,1.477240991612e-02,7.384842684389e-01,5.472919993537e-01,1.477240991612e-02,"[3.140058867566834, 7.762590607562976e-05, -3.8048527540081575e-06, -9.257222797607118e-06, 7.007308121905621]"
450,18000,1.477240991473e-02,6.714955299172e-01,5.443770758712e-01,1.477240991473e-02,"[3.140058867800112, 7.756715536601168e-05, -4.052171920445418e-06, -9.555425360170945e-06, 7.00730806095852]"
451,18040,1.477240991376e-02,8.488017125829e-01,6.378635268098e-01,1.477240991376e-02,"[3.1400588679680723, 7.752485485508667e-05, -4.230241720280245e-06, -9.770131205216901e-06, 7.007308017076608]"
452,18080,1.477240991307e-02,7.126495787930e-01,6.376542622054e-01,1.477240991307e-02,"[3.1400588680890036, 7.749439848722067e-05, -4.358451976161321e-06, -9.924719413649989e-06, 7.0073079854816305]"
453,18120,1.477240991259e-02,6.812617533390e-01,5.716997900169e-01,1.477240991259e-02,"[3.140058868176074, 7.747246990235714e-05, -4.4507633603956956e-06, -1.0036022923721811e-05, 7.007307962733247]"
454,18160,1.477240991224e-02,7.718127590539e-01,6.071203686736e-01,1.477240991224e-02,"[3.1400588682387647, 7.745668132125541e-05, -4.517227557044445e-06, -1.0116161450973524e-05, 7.007307946354411]"
455,18200,1.477240991199e-02,8.033929569862e-01,6.743660493858e-01,1.477240991199e-02,"[3.140058868283902, 7.744531354286215e-05, -4.565081778631545e-06, -1.0173861190594757e-05, 7.0073079345616485]"
456,18240,1.477240991182e-02,6.932678975586e-01,6.070628895011e-01,1.477240991182e-02,"[3.140058868316401, 7.743712874241901e-05, -4.599536818174257e-06, -1.0215405003122046e-05, 7.00730792607086]"
457,18280,1.477240991169e-02,7.219441645910e-01,5.859712503206e-01,1.477240991169e-02,"[3.1400588683398, 7.743123568609995e-05, -4.624344446645009e-06, -1.0245316548141694e-05, 7.007307919957492]"
458,18320,1.477240991160e-02,8.486981391768e-01,6.966462852057e-01,1.477240991160e-02,"[3.1400588683566473, 7.742699268555022e-05, -4.642205939143951e-06, -1.026685286055584e-05, 7.0073079155558675]"
459,18360,1.477240991153e-02,7.790307844773e-01,6.285283505211e-01,1.477240991153e-02,"[3.1400588683687776, 7.742393772515441e-05, -4.655066213743189e-06, -1.0282359005494026e-05, 7.007307912386698]"
460,18400,1.477240991148e-02,7.720260236682e-01,7.036303426800e-01,1.477240991148e-02,"[3.1400588683775115, 7.742173815366943e-05, -4.664325611454641e-06, -1.0293523429849519e-05, 7.007307910104895]"
461,18440,1.477240982809e-02,8.635547602157e-01,6.771649242016e-01,1.477240982809e-02,"[3.140040852300933, 6.185723942136193e-05, -6.638907330794368e-05, 4.327331465384896e-05, 7.0073066685961045]"
462,18480,1.477240899559e-02,7.220190757418e-01,6.126271375047e-01,1.477240899559e-02,"[3.1400256652224217, 4.205970481382483e-05, -6.111223073343582e-05, 3.903329978834923e-05, 7.007306845986975]"
463,18520,1.477240866908e-02,7.989617238092e-01,6.042380184439e-01,1.477240866908e-02,"[3.1400147305258934, 2.780547989639812e-05, -5.7312904079790174e-05, 3.598048908518943e-05, 7.007306973708403]"
464,18560,1.477240857546e-02,8.919519252752e-01,6.746577340883e-01,1.477240857546e-02,"[3.140006857544393, 1.7542437955850892e-05, -5.4577388889165305e-05, 3.3782465378914376e-05, 7.00730706566783]"
465,18600,1.477240831109e-02,7.681161113965e-01,6.609638766483e-01,1.477240831109e-02,"[3.1400041389355415, 2.2783283348219835e-05, -1.2898131228006649e-05, 4.464443149296206e-05, 7.007306575829824]"
466,18640,1.477240839059e-02,9.223732587520e-01,6.715984417986e-01,1.477240831109e-02,"[3.1400041389355415, 2.2783283348219835e-05, -1.2898131228006649e-05, 4.464443149296206e-05, 7.007306575829824]"
467,18680,1.477240811528e-02,8.590498572742e-01,8.052915211340e-01,1.477240811528e-02,"[3.1400098094219073, 1.6819694106062404e-05, -1.4745421557167224e-05, 3.925352363556737e-05, 7.007306588556649]"
468,18720,1.477240790838e-02,7.923708694074e-01,1.036961209946e+00,1.477240790838e-02,"[3.1400126371207158, 1.684694384356322e-05, 1.8044689511254074e-06, 1.4048400729196257e-05, 7.007316185978852]"
469,18760,1.477240788906e-02,9.356552968205e-01,7.547732576211e-01,1.477240788906e-02,"[3.1400182189625103, 1.8258154822910552e-05, 1.540896526194834e-06, 2.1833239934519026e-05, 7.007307738541947]"
470,18800,1.477240784487e-02,9.509900922134e-01,1.194593721553e+00,1.477240784487e-02,"[3.1400217829360675, 1.9912360664147455e-05, -5.242268156470978e-06, 3.151176401313469e-06, 7.007309184373574]"
471,18840,1.477240788568e-02,7.255717562755e-01,6.218937050098e-01,1.477240784487e-02,"[3.1400217829360675, 1.9912360664147455e-05, -5.242268156470978e-06, 3.151176401313469e-06, 7.007309184373574]"
472,18880,1.477240790687e-02,9.720180333514e-01,9.214712613158e-01,1.477240784487e-02,"[3.1400217829360675, 1.9912360664147455e-05, -5.242268156470978e-06, 3.151176401313469e-06, 7.007309184373574]"
473,18920,1.477240784549e-02,6.614947990033e-01,5.942587145658e-01,1.477240784487e-02,"[3.1400217829360675, 1.9912360664147455e-05, -5.242268156470978e-06, 3.151176401313469e-06, 7.007309184373574]"
474,18960,1.477240789340e-02,7.841754930347e-01,7.977451876822e-01,1.477240784487e-02,"[3.1400217829360675, 1.9912360664147455e-05, -5.242268156470978e-06, 3.151176401313469e-06, 7.007309184373574]"
475,19000,1.477240786449e-02,7.789768294167e-01,6.370448815641e-01,1.477240784487e-02,"[3.1400217829360675, 1.9912360664147455e-05, -5.242268156470978e-06, 3.151176401313469e-06, 7.007309184373574]"
476,19040,1.477240789054e-02,7.936939096618e-01,1.298041351143e+00,1.477240784487e-02,"[3.1400217829360675, 1.9912360664147455e-05, -5.242268156470978e-06, 3.151176401313469e-06, 7.007309184373574]"
477,19080,1.477240783845e-02,9.355575686315e-01,1.150602121537e+00,1.477240783845e-02,"[3.1400211840849606, 1.9858869762939952e-05, -5.875260619161571e-07, 3.0313497903738597e-07, 7.007308875302507]"
478,19120,1.477240783387e-02,7.221434224719e-01,6.691528008275e-01,1.477240783387e-02,"[3.1400202237843433, 1.8051553410902533e-05, 6.248863763054735e-06, 6.422375233532885e-06, 7.00730852812484]"
479,19160,1.477240783697e-02,8.369588877432e-01,7.182845928368e-01,1.477240783387e-02,"[3.1400202237843433, 1.8051553410902533e-05, 6.248863763054735e-06, 6.422375233532885e-06, 7.00730852812484]"
480,19200,1.477240781869e-02,7.953972224358e-01,6.696282222614e-01,1.477240781869e-02,"[3.140025481479506, 1.711904413300522e-05, 8.952695159839032e-06, 1.7405558682009949e-06, 7.007303067469484]"
481,19240,1.477240782190e-02,8.624995770195e-01,9.086744518565e-01,1.477240781869e-02,"[3.140025481479506, 1.711904413300522e-05, 8.952695159839032e-06, 1.7405558682009949e-06, 7.007303067469484]"
482,19280,1.477240782522e-02,9.092753461996e-01,8.615406216126e-01,1.477240781869e-02,"[3.140025481479506, 1.711904413300522e-05, 8.952695159839032e-06, 1.7405558682009949e-06, 7.007303067469484]"
483,19320,1.477240781126e-02,8.186206440831e-01,7.210725118266e-01,1.477240781126e-02,"[3.1400257528801885, 1.693206597520041e-05, 5.152869825092269e-06, -4.90240632225232e-06, 7.007302805874754]"
484,19360,1.477240779706e-02,8.981590885514e-01,8.474516231889e-01,1.477240779706e-02,"[3.1400250122404993, 1.6541188399190078e-05, 1.4201420495267958e-06, -2.5349848442162843e-06, 7.007300411247414]"
485,19400,1.477240779169e-02,9.441665754447e-01,1.394675346192e+00,1.477240779169e-02,"[3.140024478979923, 1.6259756544462637e-05, -1.267421948880345e-06, -8.304413800303387e-07, 7.007298687115729]"
486,19440,1.477240779034e-02,7.694730449337e-01,6.721568891752e-01,1.477240779034e-02,"[3.140024095032308, 1.6057125609058882e-05, -3.202468027733486e-06, 3.9682991418354213e-07, 7.0072974457409165]"
487,19480,1.477240778271e-02,8.081938733176e-01,9.702359597650e-01,1.477240778271e-02,"[3.1400215848967243, 1.2600516190017808e-05, -5.667304769271998e-06, -4.517319342911399e-06, 7.007307104750353]"
488,19520,1.477240776675e-02,9.431258079910e-01,1.323424967387e+00,1.477240776675e-02,"[3.1400235364587163, 1.1124199777584474e-05, -5.834313601427124e-06, -3.337867788655951e-06, 7.007303654259271]"
489,19560,1.477240776069e-02,8.030146839135e-01,6.786550800091e-01,1.477240776069e-02,"[3.1400235564064842, 9.331027380041157e-06, -4.519633121634819e-06, -6.052445760449093e-07, 7.0073073040089415]"
490,19600,1.477240776047e-02,7.014961896472e-01,6.716446993460e-01,1.477240776047e-02,"[3.1400247795496403, 8.524073484401942e-06, 2.4791608351758367e-06, -6.779815081453493e-06, 7.007306423319455]"
491,19640,1.477240776986e-02,7.834151558628e-01,6.599070765094e-01,1.477240776047e-02,"[3.1400247795496403, 8.524073484401942e-06, 2.4791608351758367e-06, -6.779815081453493e-06, 7.007306423319455]"
492,19680,1.477240775283e-02,6.535637410102e-01,6.125045223240e-01,1.477240775283e-02,"[3.1400254066015503, 5.983473177040201e-06, 3.2761003966691095e-06, -9.967659228713069e-06, 7.00730162896765]"
493,19720,1.477240774080e-02,7.291150949598e-01,6.219464258609e-01,1.477240774080e-02,"[3.1400247141275845, 5.280374528176389e-06, -2.7155882717508924e-07, -4.691993646474279e-06, 7.007304010174716]"
494,19760,1.477240773307e-02,8.891443174647e-01,6.761378926019e-01,1.477240773307e-02,"[3.1400250712985893, 2.50208995677002e-06, -2.5246651908674764e-06, -9.347433415599008e-07, 7.007302939033081]"
495,19800,1.477240773335e-02,7.072765057180e-01,6.349081629109e-01,1.477240773307e-02,"[3.1400250712985893, 2.50208995677002e-06, -2.5246651908674764e-06, -9.347433415599008e-07, 7.007302939033081]"
496,19840,1.477240773132e-02,7.539182411035e-01,5.571903183552e-01,1.477240773132e-02,"[3.1400251795537204, 6.730750874694575e-07, -2.587380557561103e-06, -1.5019594226405604e-06, 7.007302312972643]"
497,19880,1.477240773094e-02,7.309417692073e-01,6.025428633089e-01,1.477240773094e-02,"[3.140020040103008, -2.9019161783507694e-07, -2.4369885590153845e-06, 1.2053152431421741e-06, 7.007302336057414]"
498,19920,1.477240772965e-02,6.481324676798e-01,5.857580691842e-01,1.477240772965e-02,"[3.1400246025740204, -2.6341731242851948e-06, -2.4795440948610808e-06, 6.35629465919284e-07, 7.0073007487533]"
499,19960,1.477240772802e-02,6.742441148243e-01,5.680946417674e-01,1.477240772802e-02,"[3.140022511934958, -1.4227547071217092e-06, -2.935136312227374e-06, 1.5294069466273475e-06, 7.007301724338111]"
500,20000,1.477240772657e-02,7.572638624302e-01,6.720255692772e-01,1.477240772657e-02,"[3.140022248594173, -1.8368273935743282e-06, -2.0128235878599575e-06, 1.3667565149312966e-06, 7.007300679381759]"
